Date,Adj Close,Close,High,Low,Open,Volume
2021-04-09,9667.7978515625,10050.0,10075.0,10030.0,10055.0,3415378
2021-04-12,9653.3681640625,10035.0,10045.0,9965.0,10045.0,2184915
2021-04-13,9528.3125,9905.0,9935.0,9890.0,9935.0,2719362
2021-04-14,9422.4970703125,9795.0,9890.0,9795.0,9890.0,2987350
2021-04-15,9340.728515625,9710.0,9720.0,9660.0,9700.0,1725980
2021-04-16,9446.544921875,9820.0,9870.0,9800.0,9850.0,2647853
2021-04-19,9446.544921875,9820.0,9840.0,9775.0,9800.0,1986844
2021-04-20,9167.57421875,9530.0,9590.0,9515.0,9590.0,2950159
2021-04-21,8994.4189453125,9350.0,9370.0,9320.0,9350.0,3482938
2021-04-22,9297.4404296875,9665.0,9665.0,9600.0,9625.0,1628313
2021-04-23,9105.044921875,9465.0,9470.0,9420.0,9450.0,2496583
2021-04-26,9206.0537109375,9570.0,9625.0,9550.0,9580.0,1550440
2021-04-27,9350.349609375,9720.0,9725.0,9680.0,9685.0,1678226
2021-04-28,9297.4404296875,9665.0,9675.0,9635.0,9675.0,1575881
2021-04-29,9210.86328125,9575.0,9585.0,9530.0,9555.0,1448557
2021-04-30,9177.1962890625,9540.0,9550.0,9490.0,9550.0,1514815
2021-05-03,9071.3779296875,9430.0,9435.0,9370.0,9375.0,951782
2021-05-04,8951.130859375,9305.0,9325.0,9270.0,9315.0,1688566
2021-05-06,8922.271484375,9275.0,9275.0,9210.0,9230.0,1535440
2021-05-07,8941.5107421875,9295.0,9305.0,9265.0,9275.0,1266154
2021-05-10,8975.1787109375,9330.0,9370.0,9330.0,9360.0,632816
2021-05-11,8527.86328125,8865.0,8935.0,8835.0,8930.0,2232949
2021-05-12,8619.251953125,8960.0,9010.0,8885.0,8950.0,1025479
2021-05-13,8383.568359375,8715.0,8740.0,8600.0,8610.0,1231077
2021-05-14,8537.4833984375,8875.0,8880.0,8790.0,8790.0,464278
2021-05-17,8715.447265625,9060.0,9100.0,9015.0,9015.0,589959
2021-05-18,8720.2587890625,9065.0,9080.0,9015.0,9045.0,432398
2021-05-20,8763.544921875,9110.0,9120.0,9070.0,9090.0,436716
2021-05-21,8965.5595703125,9320.0,9340.0,9290.0,9305.0,616784
2021-05-24,8907.841796875,9260.0,9300.0,9235.0,9250.0,492207
2021-05-25,9119.474609375,9480.0,9495.0,9405.0,9460.0,559924
2021-05-26,9095.42578125,9455.0,9500.0,9440.0,9490.0,481346
2021-05-27,9095.42578125,9455.0,9460.0,9405.0,9455.0,439611
2021-05-28,9153.142578125,9515.0,9535.0,9495.0,9500.0,378343
2021-05-31,9196.4326171875,9560.0,9610.0,9540.0,9550.0,710710
2021-06-01,9186.8125,9550.0,9570.0,9495.0,9570.0,676709
2021-06-02,9133.904296875,9495.0,9505.0,9440.0,9485.0,481581
2021-06-03,9234.912109375,9600.0,9610.0,9555.0,9555.0,417506
2021-06-04,9085.8046875,9445.0,9460.0,9385.0,9385.0,963758
2021-06-07,9230.103515625,9595.0,9630.0,9580.0,9625.0,540991
2021-06-08,9210.86328125,9575.0,9600.0,9550.0,9555.0,493392
2021-06-09,9153.142578125,9515.0,9550.0,9515.0,9550.0,411665
2021-06-10,9148.333984375,9510.0,9510.0,9485.0,9500.0,540371
2021-06-11,9182.00390625,9545.0,9580.0,9530.0,9580.0,470273
2021-06-14,9307.05859375,9675.0,9675.0,9550.0,9550.0,550815
2021-06-15,9422.4970703125,9795.0,9815.0,9730.0,9730.0,1011528
2021-06-16,9359.966796875,9730.0,9735.0,9715.0,9735.0,604590
2021-06-17,9345.537109375,9715.0,9730.0,9635.0,9710.0,699305
2021-06-18,9475.4052734375,9850.0,9865.0,9830.0,9835.0,847353
2021-06-21,9331.1083984375,9700.0,9700.0,9625.0,9690.0,1384821
2021-06-22,9302.251953125,9670.0,9720.0,9655.0,9700.0,966260
2021-06-23,9412.876953125,9785.0,9810.0,9710.0,9710.0,713853
2021-06-24,9446.544921875,9820.0,9845.0,9785.0,9785.0,594342
2021-06-25,9533.123046875,9910.0,9930.0,9895.0,9915.0,754263
2021-06-28,9542.7431640625,9920.0,9920.0,9860.0,9870.0,752297
2021-06-29,9667.7978515625,10050.0,10085.0,10040.0,10055.0,1242509
2021-06-30,9792.8544921875,10180.0,10205.0,10115.0,10115.0,1317555
2021-07-01,9826.5234375,10215.0,10230.0,10175.0,10180.0,792744
2021-07-02,9687.037109375,10070.0,10090.0,10055.0,10080.0,1571873
2021-07-05,9735.1357421875,10120.0,10125.0,10085.0,10125.0,950752
2021-07-06,9711.0869140625,10095.0,10155.0,10090.0,10125.0,833077
2021-07-07,9739.9453125,10125.0,10145.0,10105.0,10105.0,755441
2021-07-08,9691.84765625,10075.0,10080.0,10020.0,10055.0,1352961
2021-07-09,9629.3203125,10010.0,10015.0,9935.0,9965.0,1286673
2021-07-12,9759.1865234375,10145.0,10160.0,10125.0,10130.0,870468
2021-07-13,9889.05078125,10280.0,10285.0,10230.0,10230.0,1186724
2021-07-14,9850.572265625,10240.0,10245.0,10210.0,10235.0,1079012
2021-07-15,9778.4248046875,10165.0,10210.0,10120.0,10200.0,1182045
2021-07-16,9547.5517578125,9925.0,9935.0,9885.0,9925.0,2514231
2021-07-19,9379.2060546875,9750.0,9750.0,9670.0,9680.0,1727499
2021-07-20,9441.7353515625,9815.0,9815.0,9755.0,9755.0,1109091
2021-07-21,9523.501953125,9900.0,9915.0,9860.0,9905.0,894429
2021-07-22,9768.8046875,10155.0,10185.0,10120.0,10120.0,1830728
2021-07-23,9735.1357421875,10120.0,10130.0,10090.0,10130.0,924796
2021-07-26,9763.994140625,10150.0,10170.0,10130.0,10170.0,890475
2021-07-27,9744.755859375,10130.0,10150.0,10110.0,10150.0,543675
2021-07-28,9653.3681640625,10035.0,10035.0,9935.0,9940.0,817206
2021-07-29,9677.41796875,10060.0,10145.0,10060.0,10100.0,551105
2021-07-30,9812.09375,10200.0,10205.0,10130.0,10130.0,1407969
2021-08-02,10052.587890625,10450.0,10450.0,10295.0,10305.0,1980358
2021-08-03,10086.2548828125,10485.0,10485.0,10435.0,10460.0,932800
2021-08-04,10110.3037109375,10510.0,10515.0,10480.0,10490.0,886728
2021-08-05,10220.9296875,10625.0,10625.0,10555.0,10555.0,1510952
2021-08-06,10168.0205078125,10570.0,10580.0,10540.0,10580.0,1859345
2021-08-09,10129.5439453125,10530.0,10535.0,10485.0,10535.0,1397510
2021-08-10,10148.783203125,10550.0,10550.0,10500.0,10515.0,836131
2021-08-11,10086.2548828125,10485.0,10485.0,10400.0,10465.0,1287718
2021-08-12,10042.966796875,10440.0,10485.0,10400.0,10485.0,999522
2021-08-13,10009.2978515625,10405.0,10405.0,10330.0,10335.0,1427400
2021-08-17,10091.064453125,10490.0,10500.0,10395.0,10420.0,861132
2021-08-18,9903.48046875,10295.0,10400.0,10275.0,10400.0,1324210
2021-08-19,9759.1865234375,10145.0,10170.0,10130.0,10135.0,1014695
2021-08-20,9850.572265625,10240.0,10285.0,10230.0,10230.0,619968
2021-08-23,9956.3896484375,10350.0,10365.0,10300.0,10310.0,819912
2021-08-24,10110.3037109375,10510.0,10570.0,10510.0,10515.0,748140
2021-08-25,10100.6845703125,10500.0,10520.0,10475.0,10510.0,596586
2021-08-26,10192.07421875,10595.0,10595.0,10535.0,10555.0,645230
2021-08-27,10211.3115234375,10615.0,10620.0,10590.0,10600.0,589758
2021-08-30,10365.2265625,10775.0,10775.0,10640.0,10690.0,1481714
2021-08-31,10413.32421875,10825.0,10840.0,10780.0,10795.0,1535770
2021-09-01,10307.5068359375,10715.0,10715.0,10665.0,10715.0,1005423
2021-09-02,10249.7880859375,10655.0,10655.0,10600.0,10615.0,890374
2021-09-03,10273.83984375,10680.0,10680.0,10630.0,10665.0,717122
2021-09-06,10321.9384765625,10730.0,10730.0,10675.0,10685.0,439114
2021-09-07,10336.3681640625,10745.0,10750.0,10715.0,10745.0,506603
2021-09-08,10331.5595703125,10740.0,10740.0,10705.0,10720.0,596566
2021-09-09,10225.740234375,10630.0,10670.0,10600.0,10670.0,700119
2021-09-10,10317.126953125,10725.0,10725.0,10655.0,10655.0,482355
2021-09-13,10413.32421875,10825.0,10830.0,10765.0,10765.0,839260
2021-09-14,10456.6142578125,10870.0,10900.0,10870.0,10875.0,988666
2021-09-15,10446.9931640625,10860.0,10900.0,10860.0,10870.0,543255
2021-09-16,10475.853515625,10890.0,10905.0,10865.0,10900.0,480385
2021-09-17,10543.19140625,10960.0,10995.0,10925.0,10925.0,1570025
2021-09-23,10451.802734375,10865.0,10930.0,10800.0,10845.0,951802
2021-09-24,10533.5712890625,10950.0,10980.0,10920.0,10980.0,519646
2021-09-27,10591.2880859375,11010.0,11010.0,10955.0,10955.0,793357
2021-09-28,10543.19140625,10960.0,10990.0,10935.0,10945.0,715136
2021-09-29,10196.880859375,10600.0,10645.0,10570.0,10635.0,2038655
2021-09-30,10124.7353515625,10525.0,10565.0,10455.0,10515.0,1469901
2021-10-01,9980.439453125,10375.0,10475.0,10350.0,10465.0,918167
2021-10-05,9802.4736328125,10190.0,10245.0,10130.0,10200.0,866569
2021-10-06,9884.2412109375,10275.0,10350.0,10250.0,10325.0,421082
2021-10-07,10100.6845703125,10500.0,10500.0,10385.0,10410.0,636460
2021-10-08,10134.353515625,10535.0,10570.0,10490.0,10540.0,507364
2021-10-12,9956.3896484375,10350.0,10405.0,10350.0,10370.0,706874
2021-10-13,9874.623046875,10265.0,10315.0,10230.0,10315.0,893802
2021-10-14,9898.671875,10290.0,10310.0,10265.0,10295.0,641721
2021-10-15,10139.1630859375,10540.0,10565.0,10475.0,10520.0,799018
2021-10-18,10153.5927734375,10555.0,10580.0,10540.0,10545.0,655581
2021-10-19,10230.55078125,10635.0,10660.0,10620.0,10635.0,551912
2021-10-20,10249.7880859375,10655.0,10725.0,10640.0,10720.0,563912
2021-10-21,10249.7880859375,10655.0,10660.0,10615.0,10655.0,429822
2021-10-22,10341.1767578125,10750.0,10775.0,10740.0,10740.0,492165
2021-10-25,10196.880859375,10600.0,10690.0,10595.0,10690.0,968220
2021-10-26,10288.2685546875,10695.0,10715.0,10675.0,10675.0,615043
2021-10-27,10297.8896484375,10705.0,10705.0,10630.0,10695.0,540599
2021-10-28,10254.6005859375,10660.0,10680.0,10620.0,10680.0,856775
2021-10-29,10307.5068359375,10715.0,10800.0,10715.0,10775.0,575685
2021-11-01,10528.76171875,10945.0,10950.0,10850.0,10850.0,940320
2021-11-02,10629.7666015625,11050.0,11065.0,11030.0,11035.0,1171959
2021-11-03,10822.162109375,11250.0,11260.0,11135.0,11135.0,1587556
2021-11-04,11043.4150390625,11480.0,11480.0,11380.0,11380.0,1309888
2021-11-05,11413.7734375,11865.0,11865.0,11775.0,11820.0,2083796
2021-11-08,11495.54296875,11950.0,12010.0,11930.0,11945.0,1736739
2021-11-09,11673.5048828125,12135.0,12145.0,12045.0,12135.0,2011288
2021-11-10,11659.076171875,12120.0,12120.0,12050.0,12095.0,1448978
2021-11-11,11389.7236328125,11840.0,11880.0,11765.0,11765.0,2880873
2021-11-12,11558.0693359375,12015.0,12060.0,11975.0,12055.0,1596259
2021-11-15,11649.4580078125,12110.0,12130.0,12070.0,12070.0,1191285
2021-11-16,11630.2177734375,12090.0,12115.0,12040.0,12110.0,1261403
2021-11-17,11817.7998046875,12285.0,12315.0,12260.0,12275.0,1409143
2021-11-18,11812.9921875,12280.0,12295.0,12215.0,12230.0,1795291
2021-11-19,12039.0546875,12515.0,12515.0,12385.0,12400.0,1868427
2021-11-22,12149.6806640625,12630.0,12650.0,12525.0,12540.0,2459860
2021-11-23,11918.80859375,12390.0,12420.0,12360.0,12395.0,3410601
2021-11-24,11846.66015625,12315.0,12340.0,12240.0,12340.0,2434965
2021-11-25,12015.00390625,12490.0,12495.0,12400.0,12415.0,1231144
2021-11-26,11938.044921875,12410.0,12450.0,12355.0,12450.0,2213764
2021-11-29,11837.0400390625,12305.0,12320.0,12015.0,12140.0,2155386
2021-11-30,11938.044921875,12410.0,12605.0,12360.0,12600.0,1615588
2021-12-01,11933.236328125,12405.0,12445.0,12250.0,12305.0,1753320
2021-12-02,11736.0341796875,12200.0,12260.0,12180.0,12200.0,2341590
2021-12-03,11697.552734375,12160.0,12180.0,12060.0,12100.0,2217388
2021-12-06,11668.6962890625,12130.0,12165.0,12095.0,12135.0,1398695
2021-12-07,11731.2236328125,12195.0,12195.0,12090.0,12125.0,1463604
2021-12-08,12149.6806640625,12630.0,12655.0,12605.0,12635.0,1788324
2021-12-09,12063.103515625,12540.0,12580.0,12515.0,12550.0,1018666
2021-12-10,11947.66796875,12420.0,12420.0,12305.0,12345.0,1438064
2021-12-13,12010.1943359375,12485.0,12525.0,12470.0,12515.0,946430
2021-12-14,11784.1318359375,12250.0,12265.0,12215.0,12220.0,1801863
2021-12-15,11721.6044921875,12185.0,12225.0,12135.0,12225.0,1328067
2021-12-16,12101.58203125,12580.0,12580.0,12500.0,12555.0,1427769
2021-12-17,11606.166015625,12065.0,12155.0,12045.0,12050.0,4318347
2021-12-20,11437.8232421875,11890.0,12050.0,11870.0,12045.0,1398804
2021-12-21,11702.36328125,12165.0,12165.0,11960.0,11970.0,1132292
2021-12-22,11865.900390625,12335.0,12375.0,12315.0,12350.0,853536
2021-12-23,11952.4765625,12425.0,12460.0,12405.0,12425.0,648620
2021-12-24,12005.3857421875,12480.0,12560.0,12460.0,12515.0,718183
2021-12-27,12072.7216796875,12550.0,12570.0,12520.0,12535.0,803298
2021-12-28,12366.125,12855.0,12865.0,12730.0,12730.0,3041022
2021-12-29,12337.2646484375,12825.0,12840.0,12770.0,12790.0,1030130
2021-12-30,12337.2646484375,12825.0,12825.0,12730.0,12790.0,841393
2022-01-04,12486.37109375,12980.0,12980.0,12895.0,12920.0,2124387
2022-01-05,12390.173828125,12880.0,12935.0,12840.0,12875.0,1481756
2022-01-06,12024.6220703125,12500.0,12585.0,12460.0,12560.0,2644483
2022-01-07,12212.208984375,12695.0,12740.0,12640.0,12720.0,1652572
2022-01-10,11894.759765625,12365.0,12410.0,12250.0,12300.0,2539437
2022-01-11,11774.5126953125,12240.0,12355.0,12240.0,12355.0,2169453
2022-01-12,12019.8154296875,12495.0,12500.0,12405.0,12450.0,1276012
2022-01-13,12019.8154296875,12495.0,12515.0,12455.0,12505.0,1665412
2022-01-14,11774.5126953125,12240.0,12240.0,12150.0,12220.0,2565535
2022-01-17,11962.0986328125,12435.0,12490.0,12410.0,12460.0,1016510
2022-01-18,11870.70703125,12340.0,12465.0,12315.0,12460.0,1298707
2022-01-19,11471.490234375,11925.0,12015.0,11855.0,12010.0,2932306
2022-01-20,11264.66796875,11710.0,11710.0,11555.0,11610.0,2242246
2022-01-21,10759.634765625,11185.0,11235.0,11105.0,11235.0,3028437
2022-01-24,10701.9140625,11125.0,11160.0,11100.0,11100.0,2054029
2022-01-25,10605.71875,11025.0,11180.0,10950.0,11175.0,2547555
2022-01-26,10446.9931640625,10860.0,10895.0,10750.0,10895.0,1950445
2022-01-27,10403.6240234375,10795.0,11020.0,10690.0,10970.0,2098692
2022-01-28,10321.70703125,10710.0,10725.0,10520.0,10550.0,1981586
2022-02-03,11030.0595703125,11445.0,11460.0,11375.0,11380.0,1681178
2022-02-04,10880.6787109375,11290.0,11325.0,11200.0,11300.0,1907015
2022-02-07,10784.3037109375,11190.0,11200.0,11095.0,11150.0,821562
2022-02-08,10750.5712890625,11155.0,11220.0,11110.0,11200.0,1099576
2022-02-09,11015.603515625,11430.0,11440.0,11370.0,11380.0,876066
2022-02-10,11295.087890625,11720.0,11730.0,11680.0,11700.0,1608040
2022-02-11,10904.771484375,11315.0,11410.0,11280.0,11370.0,1574402
2022-02-15,10533.732421875,10930.0,10945.0,10870.0,10920.0,1114995
2022-02-16,10981.8720703125,11395.0,11415.0,11365.0,11365.0,1196901
2022-02-17,10967.416015625,11380.0,11435.0,11305.0,11390.0,1519628
2022-02-18,10760.208984375,11165.0,11165.0,11015.0,11065.0,1615628
2022-02-21,10615.650390625,11015.0,11045.0,10780.0,10820.0,998394
2022-02-22,10215.6953125,10600.0,10760.0,10590.0,10690.0,2310784
2022-02-23,10509.6357421875,10905.0,10905.0,10800.0,10800.0,942514
2022-02-24,10008.4912109375,10385.0,10605.0,10285.0,10590.0,2622033
2022-02-25,10461.451171875,10855.0,10910.0,10815.0,10820.0,1458924
2022-02-28,10509.6357421875,10905.0,10965.0,10780.0,10780.0,1058097
2022-03-02,10418.0810546875,10810.0,10835.0,10725.0,10780.0,1288986
2022-03-03,10659.0166015625,11060.0,11060.0,11000.0,11020.0,814128
2022-03-04,10504.8193359375,10900.0,10945.0,10680.0,10945.0,1615933
2022-03-07,10186.7802734375,10570.0,10600.0,10500.0,10555.0,1283866
2022-03-08,9888.0224609375,10260.0,10345.0,10240.0,10270.0,1721364
2022-03-10,10360.255859375,10750.0,10810.0,10720.0,10720.0,1257132
2022-03-11,10297.61328125,10685.0,10685.0,10560.0,10605.0,949539
2022-03-14,10215.6953125,10600.0,10600.0,10485.0,10485.0,800784
2022-03-15,9907.296875,10280.0,10400.0,10235.0,10350.0,1613713
2022-03-16,10297.61328125,10685.0,10700.0,10565.0,10610.0,983529
2022-03-17,10538.546875,10935.0,11050.0,10910.0,11000.0,1316050
2022-03-18,10509.6357421875,10905.0,10950.0,10815.0,10950.0,850971
2022-03-21,10765.0263671875,11170.0,11170.0,11090.0,11100.0,1307717
2022-03-22,10803.5791015625,11210.0,11230.0,11165.0,11170.0,669867
2022-03-23,10871.041015625,11280.0,11295.0,11240.0,11280.0,726726
2022-03-24,10731.296875,11135.0,11135.0,11035.0,11040.0,855009
2022-03-25,11160.1640625,11580.0,11580.0,11520.0,11550.0,1535733
2022-03-28,11140.8896484375,11560.0,11585.0,11525.0,11570.0,982811
2022-03-29,11242.0830078125,11665.0,11685.0,11620.0,11630.0,962027
2022-03-30,11410.7373046875,11840.0,11840.0,11775.0,11785.0,1363568
2022-03-31,11169.8017578125,11590.0,11595.0,11485.0,11490.0,1799229
2022-04-01,10928.8642578125,11340.0,11365.0,11285.0,11305.0,1721146
2022-04-04,10692.748046875,11095.0,11110.0,11020.0,11070.0,2085336
2022-04-05,10779.486328125,11185.0,11225.0,11165.0,11195.0,1082326
2022-04-06,10403.6240234375,10795.0,10800.0,10730.0,10780.0,2889949
2022-04-07,10104.8642578125,10485.0,10525.0,10475.0,10490.0,2635528
2022-04-08,10201.236328125,10585.0,10585.0,10445.0,10515.0,1632277
2022-04-11,9921.751953125,10295.0,10355.0,10280.0,10350.0,2392557
2022-04-12,9796.4658203125,10165.0,10190.0,10110.0,10175.0,1817338
2022-04-13,9849.470703125,10220.0,10255.0,10130.0,10145.0,1918112
2022-04-14,9965.1220703125,10340.0,10355.0,10245.0,10285.0,1078671
2022-04-15,9753.09765625,10120.0,10120.0,10065.0,10090.0,1522859
2022-04-18,9622.9921875,9985.0,10005.0,9935.0,9975.0,1481994
2022-04-19,9969.9404296875,10345.0,10345.0,10250.0,10295.0,1444543
2022-04-20,10013.3076171875,10390.0,10435.0,10375.0,10420.0,1076716
2022-04-21,10133.7763671875,10515.0,10540.0,10445.0,10445.0,1054023
2022-04-22,9830.197265625,10200.0,10225.0,10140.0,10210.0,1400684
2022-04-25,9627.810546875,9990.0,10025.0,9940.0,9960.0,1535345
2022-04-26,9859.1103515625,10230.0,10255.0,10185.0,10200.0,1032706
2022-04-27,9569.986328125,9930.0,9940.0,9825.0,9865.0,2176802
2022-04-28,9719.6669921875,10065.0,10070.0,9915.0,9995.0,704411
2022-04-29,9946.6044921875,10300.0,10355.0,10240.0,10240.0,1238744
2022-05-03,9936.9482421875,10290.0,10335.0,10200.0,10215.0,1257657
2022-05-04,10033.515625,10390.0,10390.0,10330.0,10340.0,849688
2022-05-06,9927.291015625,10280.0,10310.0,10235.0,10255.0,1019832
2022-05-10,9579.6435546875,9920.0,9925.0,9655.0,9790.0,3090479
2022-05-11,9710.01171875,10055.0,10070.0,9925.0,9990.0,1667138
2022-05-12,9391.3330078125,9725.0,9820.0,9685.0,9750.0,2092141
2022-05-13,9569.986328125,9910.0,9955.0,9810.0,9810.0,1802518
2022-05-16,9767.9541015625,10115.0,10270.0,10065.0,10265.0,2017414
2022-05-17,9763.1240234375,10110.0,10145.0,10040.0,10090.0,1642230
2022-05-18,10019.033203125,10375.0,10425.0,10350.0,10380.0,1622537
2022-05-19,9603.7841796875,9945.0,9990.0,9880.0,9975.0,3164259
2022-05-20,9666.5537109375,10010.0,10015.0,9920.0,9940.0,1933594
2022-05-23,9666.5537109375,10010.0,10015.0,9930.0,10010.0,1559173
2022-05-24,9352.705078125,9685.0,9810.0,9670.0,9805.0,2455470
2022-05-25,9328.5654296875,9660.0,9710.0,9605.0,9670.0,1213338
2022-05-26,9367.19140625,9700.0,9795.0,9670.0,9705.0,968274
2022-05-27,9734.1513671875,10080.0,10140.0,10040.0,10080.0,2586616
2022-05-30,10130.0849609375,10490.0,10510.0,10380.0,10380.0,2197812
2022-05-31,9999.7177734375,10355.0,10500.0,10350.0,10490.0,712702
2022-06-02,9888.6640625,10240.0,10275.0,10135.0,10170.0,808080
2022-06-03,10125.2568359375,10485.0,10560.0,10470.0,10520.0,1045370
2022-06-07,9898.3212890625,10250.0,10335.0,10190.0,10315.0,1546917
2022-06-08,9980.4033203125,10335.0,10390.0,10330.0,10370.0,1057339
2022-06-09,9850.0361328125,10200.0,10230.0,10150.0,10180.0,1611878
2022-06-10,9753.4677734375,10100.0,10100.0,9990.0,10045.0,1009976
2022-06-13,9188.537109375,9515.0,9745.0,9495.0,9675.0,3316541
2022-06-14,9164.3955078125,9490.0,9490.0,9225.0,9225.0,2524639
2022-06-15,9091.9697265625,9415.0,9440.0,9370.0,9420.0,1328417
2022-06-16,9087.1396484375,9410.0,9560.0,9410.0,9530.0,1651619
2022-06-17,8681.55078125,8990.0,9030.0,8925.0,8995.0,3145146
2022-06-20,8700.865234375,9010.0,9040.0,8925.0,9030.0,1164272
2022-06-21,8792.6064453125,9105.0,9120.0,9025.0,9025.0,824121
2022-06-22,8758.8056640625,9070.0,9190.0,9055.0,9180.0,1628079
2022-06-23,8831.2314453125,9145.0,9195.0,9065.0,9065.0,1017866
2022-06-24,8898.83203125,9215.0,9215.0,9045.0,9105.0,1389447
2022-06-27,9072.6552734375,9395.0,9465.0,9380.0,9400.0,1432051
2022-06-28,9116.11328125,9440.0,9455.0,9325.0,9395.0,732487
2022-06-29,8918.14453125,9235.0,9235.0,9155.0,9205.0,1229596
2022-06-30,8633.265625,8940.0,9075.0,8925.0,9070.0,1939769
2022-07-01,8512.5546875,8815.0,8935.0,8780.0,8935.0,1931669
2022-07-04,8304.9345703125,8600.0,8625.0,8540.0,8625.0,1740067
2022-07-05,8377.3583984375,8675.0,8700.0,8655.0,8660.0,1235172
2022-07-06,8362.873046875,8660.0,8765.0,8655.0,8685.0,1427950
2022-07-07,8507.7255859375,8810.0,8820.0,8735.0,8735.0,1498770
2022-07-08,8744.3203125,9055.0,9100.0,9045.0,9050.0,1730828
2022-07-11,8691.2080078125,9000.0,9115.0,9000.0,9090.0,986024
2022-07-12,8609.123046875,8915.0,8995.0,8905.0,8975.0,874524
2022-07-13,8710.5205078125,9020.0,9025.0,8950.0,8965.0,855649
2022-07-14,8768.4638671875,9080.0,9085.0,8975.0,8985.0,1036473
2022-07-15,9111.283203125,9435.0,9435.0,9285.0,9290.0,1324218
2022-07-18,9323.7353515625,9655.0,9680.0,9585.0,9585.0,1851931
2022-07-19,9164.3955078125,9490.0,9550.0,9460.0,9540.0,1165259
2022-07-20,9531.357421875,9870.0,9930.0,9835.0,9855.0,1904272
2022-07-21,9738.9814453125,10085.0,10105.0,10045.0,10075.0,1747823
2022-07-22,9806.580078125,10155.0,10185.0,10140.0,10150.0,1423005
2022-07-25,9671.384765625,10015.0,10020.0,9960.0,9985.0,1364727
2022-07-26,9589.3017578125,9930.0,9945.0,9910.0,9940.0,830485
2022-07-27,9589.3017578125,9930.0,9945.0,9860.0,9900.0,1326667
2022-07-28,9758.294921875,10105.0,10210.0,10085.0,10210.0,1253379
2022-07-29,9864.521484375,10215.0,10255.0,10145.0,10165.0,1950693
2022-08-01,9917.634765625,10270.0,10320.0,10270.0,10305.0,1049287
2022-08-02,9975.57421875,10330.0,10445.0,10325.0,10390.0,1151209
2022-08-03,10062.48828125,10420.0,10420.0,10345.0,10400.0,1724279
2022-08-04,10303.91015625,10670.0,10670.0,10620.0,10630.0,2116276
2022-08-05,10390.8232421875,10760.0,10770.0,10715.0,10740.0,1385373
2022-08-08,10371.509765625,10740.0,10740.0,10620.0,10655.0,859393
2022-08-09,10178.37109375,10540.0,10560.0,10505.0,10530.0,1170234
2022-08-10,9719.6669921875,10065.0,10100.0,10055.0,10095.0,2175061
2022-08-11,10125.2568359375,10485.0,10485.0,10405.0,10405.0,1190162
2022-08-12,10076.9716796875,10435.0,10480.0,10395.0,10460.0,1019368
2022-08-16,10376.3369140625,10745.0,10805.0,10740.0,10755.0,1626661
2022-08-17,10361.8515625,10730.0,10745.0,10675.0,10695.0,994858
2022-08-18,10159.0556640625,10520.0,10550.0,10460.0,10480.0,1401238
2022-08-19,10347.3662109375,10715.0,10800.0,10715.0,10795.0,1393094
2022-08-22,10183.19921875,10545.0,10565.0,10505.0,10510.0,945778
2022-08-23,9883.8349609375,10235.0,10315.0,10220.0,10295.0,1951012
2022-08-24,9941.77734375,10295.0,10315.0,10235.0,10290.0,1017061
2022-08-25,10019.033203125,10375.0,10375.0,10260.0,10290.0,1212487
2022-08-26,10178.37109375,10540.0,10610.0,10535.0,10585.0,1170450
2022-08-29,9710.01171875,10055.0,10075.0,9950.0,9985.0,2458728
2022-08-30,9671.384765625,10015.0,10040.0,9950.0,9975.0,2300235
2022-08-31,9531.357421875,9870.0,9900.0,9835.0,9855.0,2607313
2022-09-01,9178.880859375,9505.0,9590.0,9505.0,9590.0,2085467
2022-09-02,9280.2783203125,9610.0,9610.0,9550.0,9570.0,1256001
2022-09-05,9280.2783203125,9610.0,9625.0,9530.0,9600.0,585760
2022-09-06,9362.36328125,9695.0,9695.0,9585.0,9610.0,662267
2022-09-07,9212.6826171875,9540.0,9565.0,9475.0,9515.0,977187
2022-09-08,9405.8173828125,9740.0,9740.0,9655.0,9665.0,765603
2022-09-13,9748.6396484375,10095.0,10095.0,10030.0,10030.0,1473829
2022-09-14,9304.419921875,9635.0,9640.0,9580.0,9615.0,1992560
2022-09-15,9352.705078125,9685.0,9750.0,9685.0,9710.0,881505
2022-09-16,9120.9404296875,9445.0,9550.0,9440.0,9550.0,1161745
2022-09-19,9154.7392578125,9480.0,9555.0,9460.0,9525.0,754706
2022-09-20,9318.904296875,9650.0,9680.0,9605.0,9640.0,459717
2022-09-21,9193.3662109375,9520.0,9550.0,9465.0,9525.0,829273
2022-09-22,9149.9091796875,9475.0,9480.0,9365.0,9370.0,1022178
2022-09-23,8937.4580078125,9255.0,9295.0,9220.0,9285.0,963604
2022-09-26,8860.205078125,9175.0,9240.0,9155.0,9220.0,869936
2022-09-27,8927.8017578125,9245.0,9245.0,9145.0,9150.0,798913
2022-09-28,8884.345703125,9200.0,9270.0,9115.0,9230.0,1136216
2022-09-29,8942.2880859375,9260.0,9365.0,9260.0,9265.0,756568
2022-09-30,8768.4638671875,9080.0,9130.0,8995.0,9090.0,1120167
2022-10-04,8995.40234375,9315.0,9335.0,9220.0,9220.0,648516
2022-10-05,9048.513671875,9370.0,9560.0,9370.0,9550.0,881192
2022-10-06,9212.6826171875,9540.0,9630.0,9525.0,9580.0,710434
2022-10-07,9048.513671875,9370.0,9425.0,9350.0,9410.0,671615
2022-10-11,8469.099609375,8770.0,8840.0,8735.0,8840.0,2056121
2022-10-12,8333.900390625,8630.0,8725.0,8555.0,8650.0,1840326
2022-10-13,8155.2509765625,8445.0,8520.0,8435.0,8520.0,1202240
2022-10-14,8469.099609375,8770.0,8770.0,8640.0,8665.0,1240788
2022-10-17,8164.9072265625,8455.0,8500.0,8395.0,8500.0,1658285
2022-10-18,8362.873046875,8660.0,8680.0,8550.0,8645.0,1709573
2022-10-19,8242.162109375,8535.0,8655.0,8530.0,8650.0,895064
2022-10-20,8251.818359375,8545.0,8585.0,8485.0,8535.0,829414
2022-10-21,8372.5302734375,8670.0,8675.0,8545.0,8585.0,796044
2022-10-24,8749.150390625,9060.0,9095.0,8900.0,8900.0,1593128
2022-10-25,8768.4638671875,9080.0,9125.0,9050.0,9085.0,849333
2022-10-26,8753.978515625,9065.0,9110.0,9030.0,9100.0,673137
2022-10-27,8874.689453125,9190.0,9200.0,9085.0,9105.0,837322
2022-10-28,8589.80859375,8895.0,8995.0,8865.0,8995.0,1221538
2022-10-31,8947.115234375,9265.0,9265.0,9210.0,9235.0,652239
2022-11-01,8884.345703125,9200.0,9200.0,9125.0,9200.0,588340
2022-11-02,8913.318359375,9230.0,9240.0,9160.0,9170.0,542591
2022-11-03,8657.41015625,8965.0,8990.0,8840.0,8930.0,1135983
2022-11-04,8584.982421875,8890.0,8890.0,8790.0,8790.0,1193878
2022-11-07,8710.5205078125,9020.0,9085.0,8990.0,9030.0,1017238
2022-11-08,8782.9501953125,9095.0,9205.0,9095.0,9180.0,1183835
2022-11-09,8884.345703125,9200.0,9295.0,9165.0,9230.0,1012680
2022-11-10,8715.3505859375,9025.0,9025.0,8915.0,8935.0,721012
2022-11-11,9217.5087890625,9545.0,9730.0,9455.0,9610.0,1833776
2022-11-14,9338.2216796875,9670.0,9740.0,9615.0,9665.0,1324394
2022-11-15,9444.4462890625,9780.0,9800.0,9680.0,9680.0,1091451
2022-11-16,9627.927734375,9970.0,9985.0,9855.0,9915.0,1285208
2022-11-17,9449.2744140625,9785.0,9785.0,9670.0,9670.0,780959
2022-11-18,9425.1328125,9760.0,9840.0,9760.0,9820.0,732134
2022-11-21,9541.0146484375,9880.0,9880.0,9790.0,9795.0,586415
2022-11-22,9405.8173828125,9740.0,9805.0,9715.0,9750.0,554867
2022-11-23,9637.583984375,9980.0,9995.0,9915.0,9960.0,931461
2022-11-24,9608.61328125,9950.0,10055.0,9925.0,10020.0,484750
2022-11-25,9598.9580078125,9940.0,10015.0,9910.0,9990.0,393796
2022-11-28,9449.2744140625,9785.0,9890.0,9770.0,9890.0,407459
2022-11-29,9309.2490234375,9640.0,9660.0,9575.0,9625.0,738356
2022-11-30,9145.0810546875,9470.0,9550.0,9460.0,9535.0,753188
2022-12-01,9516.8720703125,9855.0,9895.0,9835.0,9890.0,839725
2022-12-02,9405.8173828125,9740.0,9830.0,9710.0,9830.0,396726
2022-12-05,9289.9375,9620.0,9670.0,9595.0,9670.0,558693
2022-12-06,9333.3916015625,9665.0,9670.0,9570.0,9570.0,518707
2022-12-07,9169.2255859375,9495.0,9575.0,9465.0,9575.0,762153
2022-12-08,9145.0810546875,9470.0,9500.0,9415.0,9500.0,415027
2022-12-09,9318.904296875,9650.0,9715.0,9615.0,9650.0,694522
2022-12-12,9222.337890625,9550.0,9630.0,9515.0,9535.0,276855
2022-12-13,9372.021484375,9705.0,9755.0,9690.0,9720.0,667273
2022-12-14,9516.8720703125,9855.0,9875.0,9745.0,9750.0,577037
2022-12-15,9376.8486328125,9710.0,9740.0,9680.0,9705.0,388394
2022-12-16,9062.998046875,9385.0,9450.0,9355.0,9440.0,1004949
2022-12-19,8951.9443359375,9270.0,9325.0,9215.0,9300.0,544963
2022-12-20,8609.123046875,8915.0,9195.0,8905.0,9155.0,942106
2022-12-21,8662.2373046875,8970.0,9020.0,8930.0,8975.0,568453
2022-12-22,8729.8349609375,9040.0,9120.0,9035.0,9105.0,445216
2022-12-23,8459.4423828125,8760.0,8785.0,8705.0,8785.0,823999
2022-12-26,8459.4423828125,8760.0,8760.0,8720.0,8750.0,379748
2022-12-27,8449.7861328125,8750.0,8785.0,8705.0,8785.0,639370
2022-12-28,8232.5048828125,8525.0,8645.0,8485.0,8600.0,705849
2022-12-29,8150.421875,8440.0,8460.0,8370.0,8455.0,654082
2023-01-02,8232.5048828125,8525.0,8625.0,8500.0,8625.0,619652
2023-01-03,8396.673828125,8695.0,8695.0,8585.0,8620.0,604811
2023-01-04,8319.4189453125,8615.0,8645.0,8575.0,8615.0,854884
2023-01-05,8449.7861328125,8750.0,8790.0,8705.0,8740.0,588846
2023-01-06,8348.38671875,8645.0,8670.0,8610.0,8655.0,978012
2023-01-09,8580.1533203125,8885.0,8910.0,8835.0,8910.0,1109541
2023-01-10,8647.7529296875,8955.0,8960.0,8895.0,8935.0,763768
2023-01-11,8787.7783203125,9100.0,9125.0,9055.0,9060.0,678788
2023-01-12,8908.4892578125,9225.0,9230.0,9155.0,9155.0,608434
2023-01-13,8951.9443359375,9270.0,9290.0,9225.0,9290.0,635457
2023-01-16,8956.7724609375,9275.0,9335.0,9270.0,9335.0,414874
2023-01-17,8908.4892578125,9225.0,9300.0,9220.0,9285.0,801818
2023-01-18,9019.5419921875,9340.0,9405.0,9280.0,9285.0,597790
2023-01-19,8913.318359375,9230.0,9305.0,9230.0,9305.0,498878
2023-01-20,8787.7783203125,9100.0,9115.0,8885.0,9075.0,673525
2023-01-25,9256.13671875,9585.0,9625.0,9500.0,9510.0,1032698
2023-01-26,9357.5341796875,9690.0,9690.0,9625.0,9660.0,660840
2023-01-27,9289.9375,9620.0,9700.0,9610.0,9695.0,1294114
2023-01-30,9314.2041015625,9595.0,9650.0,9570.0,9620.0,567543
2023-01-31,9110.349609375,9385.0,9495.0,9365.0,9485.0,922359
2023-02-01,9319.056640625,9600.0,9600.0,9530.0,9535.0,583476
2023-02-02,9702.5,9995.0,10100.0,9885.0,10060.0,1560741
2023-02-03,9814.1318359375,10110.0,10175.0,10060.0,10060.0,2229188
2023-02-06,9906.3525390625,10205.0,10225.0,10170.0,10170.0,1233654
2023-02-07,9896.646484375,10195.0,10235.0,10185.0,10195.0,831423
2023-02-08,10192.7197265625,10500.0,10520.0,10250.0,10415.0,1550240
2023-02-09,10056.818359375,10360.0,10395.0,10300.0,10300.0,962156
2023-02-10,10003.4248046875,10305.0,10345.0,10180.0,10335.0,1132890
2023-02-13,9969.4501953125,10270.0,10270.0,10135.0,10200.0,601514
2023-02-14,10066.5234375,10370.0,10425.0,10335.0,10415.0,644022
2023-02-15,10192.7197265625,10500.0,10580.0,10500.0,10500.0,1763017
2023-02-16,10445.1123046875,10760.0,10795.0,10685.0,10685.0,1728201
2023-02-17,10250.962890625,10560.0,10595.0,10460.0,10460.0,1012713
2023-02-20,10119.916015625,10425.0,10440.0,10380.0,10440.0,537199
2023-02-21,10066.5234375,10370.0,10430.0,10360.0,10425.0,446482
2023-02-22,9882.083984375,10180.0,10180.0,10100.0,10105.0,984480
2023-02-23,9959.744140625,10260.0,10340.0,10235.0,10270.0,896526
2023-02-24,10095.64453125,10400.0,10405.0,10340.0,10400.0,659120
2023-02-27,10100.4990234375,10405.0,10405.0,10325.0,10325.0,709964
2023-02-28,10163.5986328125,10470.0,10480.0,10400.0,10410.0,494842
2023-03-02,10032.5478515625,10335.0,10415.0,10290.0,10415.0,772141
2023-03-03,10027.6943359375,10330.0,10460.0,10315.0,10450.0,806043
2023-03-06,10231.548828125,10540.0,10560.0,10450.0,10455.0,1347110
2023-03-07,10187.8662109375,10495.0,10495.0,10410.0,10495.0,966291
2023-03-08,10163.5986328125,10470.0,10475.0,10390.0,10390.0,899610
2023-03-09,10391.71875,10705.0,10715.0,10665.0,10695.0,1467880
2023-03-10,10173.3037109375,10480.0,10570.0,10480.0,10535.0,1216069
2023-03-13,10115.060546875,10420.0,10465.0,10370.0,10415.0,1791997
2023-03-14,9959.744140625,10260.0,10395.0,10180.0,10395.0,1237810
2023-03-15,10216.98828125,10525.0,10525.0,10460.0,10505.0,1103097
2023-03-16,10192.7197265625,10500.0,10515.0,10450.0,10450.0,950227
2023-03-17,10503.3544921875,10820.0,10825.0,10765.0,10780.0,2236369
2023-03-20,10469.37890625,10785.0,10825.0,10785.0,10815.0,1516520
2023-03-21,10585.8681640625,10905.0,10905.0,10845.0,10845.0,1335313
2023-03-22,10590.7216796875,10910.0,10915.0,10870.0,10900.0,1469376
2023-03-23,10435.404296875,10750.0,10820.0,10675.0,10820.0,1659433
2023-03-24,10648.9658203125,10970.0,10970.0,10905.0,10910.0,1332121
2023-03-27,10629.55078125,10950.0,10950.0,10850.0,10860.0,798048
2023-03-28,10445.1123046875,10760.0,10810.0,10715.0,10810.0,873031
2023-03-29,10430.5498046875,10745.0,10745.0,10600.0,10680.0,780922
2023-03-30,10653.8193359375,10975.0,11015.0,10960.0,10990.0,1547649
2023-03-31,10813.9912109375,11140.0,11180.0,11095.0,11105.0,1698860
2023-04-03,10920.7705078125,11250.0,11295.0,11195.0,11195.0,1975338
2023-04-04,10945.0390625,11275.0,11275.0,11175.0,11200.0,1456796
2023-04-05,10755.74609375,11080.0,11150.0,11055.0,11140.0,1283801
2023-04-06,10571.306640625,10890.0,10955.0,10850.0,10955.0,1118522
2023-04-07,10624.6953125,10945.0,11000.0,10845.0,10870.0,1423275
2023-04-10,10542.1845703125,10860.0,10900.0,10815.0,10900.0,1490316
2023-04-11,10750.892578125,11075.0,11080.0,11030.0,11040.0,1251213
2023-04-12,10707.2109375,11030.0,11045.0,11010.0,11030.0,687353
2023-04-13,10488.79296875,10805.0,10850.0,10745.0,10835.0,1261947
2023-04-14,10415.98828125,10730.0,10890.0,10680.0,10890.0,1580303
2023-04-17,10488.79296875,10805.0,10805.0,10725.0,10725.0,838202
2023-04-18,10508.208984375,10825.0,10840.0,10800.0,10805.0,614640
2023-04-19,10547.0380859375,10865.0,10865.0,10820.0,10850.0,985005
2023-04-20,10411.1357421875,10725.0,10840.0,10695.0,10800.0,859743
2023-04-21,10493.6474609375,10810.0,10850.0,10780.0,10780.0,673342
2023-04-24,10391.71875,10705.0,10800.0,10705.0,10800.0,638641
2023-04-25,10343.1845703125,10655.0,10735.0,10655.0,10710.0,623573
2023-04-26,10183.0107421875,10490.0,10575.0,10475.0,10545.0,1532584
2023-04-27,10270.630859375,10550.0,10550.0,10465.0,10495.0,554970
2023-04-28,10270.630859375,10550.0,10580.0,10505.0,10540.0,615100
2023-05-02,10494.5390625,10780.0,10815.0,10725.0,10725.0,806549
2023-05-03,10387.451171875,10670.0,10705.0,10655.0,10680.0,350335
2023-05-04,10221.953125,10500.0,10585.0,10470.0,10540.0,571403
2023-05-08,10314.4375,10595.0,10750.0,10575.0,10655.0,319425
2023-05-09,10363.11328125,10645.0,10680.0,10640.0,10650.0,387931
2023-05-10,10231.6884765625,10510.0,10565.0,10495.0,10565.0,469150
2023-05-11,10329.0400390625,10610.0,10620.0,10555.0,10570.0,339239
2023-05-12,10353.37890625,10635.0,10665.0,10560.0,10560.0,565933
2023-05-15,10338.77734375,10620.0,10635.0,10585.0,10635.0,328926
2023-05-16,10587.0234375,10875.0,10880.0,10840.0,10865.0,904026
2023-05-17,10625.9638671875,10915.0,10950.0,10900.0,10910.0,684729
2023-05-19,11064.0478515625,11365.0,11500.0,11365.0,11420.0,3170329
2023-05-22,11005.6357421875,11305.0,11340.0,11260.0,11325.0,756220
2023-05-23,11000.76953125,11300.0,11330.0,11270.0,11305.0,688319
2023-05-25,11156.533203125,11460.0,11490.0,11355.0,11480.0,1817304
2023-05-26,11502.1328125,11815.0,11885.0,11770.0,11780.0,3270609
2023-05-30,12261.4765625,12595.0,12600.0,12310.0,12475.0,4906212
2023-05-31,12120.3173828125,12450.0,12555.0,12440.0,12550.0,2694307
2023-06-01,11901.2734375,12225.0,12225.0,12110.0,12200.0,1724136
2023-06-02,11964.5537109375,12290.0,12405.0,12260.0,12405.0,1315280
2023-06-05,11896.40625,12220.0,12290.0,12165.0,12290.0,888717
2023-06-07,11837.9951171875,12160.0,12170.0,12090.0,12170.0,991796
2023-06-08,11745.51171875,12065.0,12170.0,12035.0,12160.0,924570
2023-06-09,11842.86328125,12165.0,12190.0,12115.0,12165.0,850748
2023-06-12,11867.2021484375,12190.0,12240.0,12155.0,12155.0,730259
2023-06-13,12159.2568359375,12490.0,12515.0,12415.0,12500.0,1860599
2023-06-14,12203.0634765625,12535.0,12570.0,12500.0,12510.0,1505125
2023-06-15,12373.4306640625,12710.0,12800.0,12705.0,12705.0,2202896
2023-06-16,12295.55078125,12630.0,12650.0,12515.0,12600.0,1129016
2023-06-19,12227.40234375,12560.0,12615.0,12535.0,12600.0,855522
2023-06-20,12198.1962890625,12530.0,12575.0,12490.0,12565.0,505982
2023-06-21,12222.5361328125,12555.0,12600.0,12530.0,12540.0,935963
2023-06-22,11935.34765625,12260.0,12400.0,12220.0,12400.0,953921
2023-06-23,12018.0986328125,12345.0,12405.0,12325.0,12345.0,917116
2023-06-26,11935.34765625,12260.0,12320.0,12225.0,12320.0,773273
2023-06-27,11969.4208984375,12295.0,12450.0,12245.0,12270.0,561063
2023-06-28,12261.4765625,12595.0,12610.0,12535.0,12570.0,1475010
2023-06-29,12392.9013671875,12730.0,12740.0,12630.0,12630.0,1002005
2023-06-30,12402.63671875,12740.0,12775.0,12705.0,12750.0,1127102
2023-07-07,12164.125,12495.0,12540.0,12445.0,12445.0,727691
2023-07-10,12086.2421875,12415.0,12475.0,12390.0,12475.0,560557
2023-07-14,12524.326171875,12865.0,12905.0,12815.0,12900.0,824819
2023-07-17,12388.03515625,12725.0,12815.0,12655.0,12815.0,660762
2023-07-19,12641.150390625,12985.0,13000.0,12925.0,12930.0,1244352
2023-07-20,12490.251953125,12830.0,12865.0,12765.0,12810.0,2272743
2023-07-21,12276.0791015625,12610.0,12610.0,12465.0,12475.0,1653459
2023-07-24,12295.55078125,12630.0,12730.0,12610.0,12700.0,1227007
2023-07-26,12378.2978515625,12715.0,12770.0,12690.0,12765.0,1434133
2023-07-28,12587.60546875,12930.0,12990.0,12840.0,12875.0,2125375
2023-08-03,12480.5166015625,12820.0,12865.0,12750.0,12825.0,1889107
2023-08-04,12636.2822265625,12980.0,12980.0,12760.0,12825.0,897264
2023-08-07,12631.4130859375,12975.0,12975.0,12900.0,12920.0,1078867
2023-08-08,12684.955078125,13030.0,13095.0,12980.0,13080.0,853119
2023-08-09,12587.60546875,12930.0,12965.0,12890.0,12890.0,729591
2023-08-10,12392.9013671875,12730.0,12740.0,12700.0,12740.0,899121
2023-08-11,12383.16796875,12720.0,12730.0,12670.0,12670.0,719425
2023-08-14,12091.1103515625,12420.0,12540.0,12415.0,12540.0,816450
2023-08-16,12276.0791015625,12610.0,12710.0,12610.0,12645.0,908610
2023-08-17,12120.3173828125,12450.0,12465.0,12365.0,12465.0,1076793
2023-08-18,11974.2880859375,12300.0,12375.0,12255.0,12370.0,770534
2023-08-21,12008.36328125,12335.0,12415.0,12320.0,12350.0,605085
2023-08-22,12363.6943359375,12700.0,12715.0,12340.0,12670.0,853150
2023-08-23,12353.958984375,12690.0,12690.0,12600.0,12690.0,565260
2023-08-24,12655.751953125,13000.0,13010.0,12960.0,13000.0,1816329
2023-08-25,12022.9638671875,12350.0,12610.0,12275.0,12610.0,1901508
2023-08-28,12052.1689453125,12380.0,12415.0,12315.0,12415.0,618044
2023-08-29,12212.7998046875,12545.0,12545.0,12450.0,12480.0,745193
2023-08-30,12436.708984375,12775.0,12785.0,12755.0,12780.0,647603
2023-08-31,12475.6513671875,12815.0,12845.0,12780.0,12825.0,743742
2023-09-01,12485.3857421875,12825.0,12905.0,12825.0,12890.0,624457
2023-09-04,12597.3427734375,12940.0,12955.0,12900.0,12915.0,531840
2023-09-05,12655.751953125,13000.0,13000.0,12905.0,12940.0,456198
2023-09-06,12646.0166015625,12990.0,13090.0,12990.0,13030.0,813536
2023-09-07,12607.076171875,12950.0,13010.0,12930.0,12955.0,539885
2023-09-08,12490.251953125,12830.0,12830.0,12730.0,12755.0,461094
2023-09-11,12426.974609375,12765.0,12810.0,12700.0,12810.0,511042
2023-09-12,12334.4912109375,12670.0,12745.0,12605.0,12745.0,870880
2023-09-13,12232.271484375,12565.0,12600.0,12525.0,12570.0,526714
2023-09-14,12334.4912109375,12670.0,12670.0,12625.0,12625.0,374862
2023-09-15,12383.16796875,12720.0,12735.0,12685.0,12685.0,336846
2023-09-18,12018.0986328125,12345.0,12420.0,12315.0,12420.0,1060260
2023-09-19,12018.0986328125,12345.0,12360.0,12300.0,12300.0,324715
2023-09-20,11974.2880859375,12300.0,12300.0,12240.0,12300.0,652362
2023-09-21,11789.3203125,12110.0,12205.0,12080.0,12195.0,753256
2023-09-22,11662.76171875,11980.0,11995.0,11910.0,11995.0,808428
2023-09-25,11721.173828125,12040.0,12040.0,11965.0,11995.0,427461
2023-09-26,11769.84765625,12090.0,12130.0,12050.0,12070.0,437953
2023-09-27,11730.908203125,12050.0,12065.0,11995.0,11995.0,378144
2023-10-04,11833.1279296875,12155.0,12295.0,12145.0,12230.0,689241
2023-10-05,11993.7578125,12320.0,12375.0,12300.0,12365.0,566380
2023-10-06,11930.4794921875,12255.0,12295.0,12220.0,12295.0,215835
2023-10-10,12130.0517578125,12460.0,12500.0,12430.0,12445.0,674311
2023-10-11,12227.40234375,12560.0,12675.0,12545.0,12555.0,782252
2023-10-12,12363.6943359375,12700.0,12700.0,12630.0,12635.0,604724
2023-10-13,12412.37109375,12750.0,12780.0,12725.0,12725.0,499148
2023-10-16,12168.9921875,12500.0,12530.0,12475.0,12485.0,424180
2023-10-17,12266.3447265625,12600.0,12605.0,12565.0,12575.0,609014
2023-10-18,12125.1826171875,12455.0,12520.0,12450.0,12510.0,351868
2023-10-19,12022.9638671875,12350.0,12350.0,12275.0,12285.0,586049
2023-10-20,11755.24609375,12075.0,12190.0,12070.0,12190.0,687433
2023-10-23,11677.365234375,11995.0,12010.0,11955.0,11955.0,388630
2023-10-24,11584.8818359375,11900.0,11975.0,11850.0,11970.0,673650
2023-10-25,11584.8818359375,11900.0,11965.0,11890.0,11965.0,401139
2023-10-26,11180.8701171875,11485.0,11720.0,11470.0,11720.0,951851
2023-10-27,11351.2353515625,11660.0,11660.0,11600.0,11600.0,474136
2023-10-30,11400.078125,11670.0,11690.0,11640.0,11645.0,349734
2023-10-31,11111.9033203125,11375.0,11450.0,11335.0,11445.0,594074
2023-11-01,11312.1611328125,11580.0,11580.0,11470.0,11470.0,257834
2023-11-02,11551.4951171875,11825.0,11865.0,11805.0,11860.0,490643
2023-11-03,11527.07421875,11800.0,11990.0,11800.0,11900.0,659502
2023-11-06,11688.2578125,11965.0,12080.0,11945.0,11995.0,770179
2023-11-07,11683.3720703125,11960.0,11985.0,11850.0,11860.0,497317
2023-11-08,11800.59765625,12080.0,12080.0,11990.0,12035.0,530078
2023-11-09,11805.48046875,12085.0,12100.0,12030.0,12065.0,378811
2023-11-10,11790.826171875,12070.0,12090.0,12005.0,12005.0,365551
2023-11-13,12235.3037109375,12525.0,12550.0,12510.0,12540.0,1124635
2023-11-14,12293.9150390625,12585.0,12585.0,12470.0,12470.0,585754
2023-11-15,12499.0576171875,12795.0,12810.0,12740.0,12785.0,1015120
2023-11-16,12494.1748046875,12790.0,12895.0,12745.0,12810.0,1013577
2023-11-17,12450.2158203125,12745.0,12780.0,12685.0,12780.0,608539
2023-11-20,12518.59765625,12815.0,12915.0,12760.0,12855.0,719859
2023-11-21,12738.392578125,13040.0,13060.0,12995.0,13005.0,1362483
2023-11-22,12547.904296875,12845.0,12865.0,12785.0,12805.0,638429
2023-11-23,12582.091796875,12880.0,12955.0,12880.0,12915.0,358763
2023-11-24,12665.1259765625,12965.0,12980.0,12910.0,12920.0,457969
2023-11-27,12640.705078125,12940.0,12970.0,12905.0,12970.0,465125
2023-11-28,12601.6298828125,12900.0,12935.0,12830.0,12935.0,338539
2023-11-29,12484.4052734375,12780.0,12785.0,12725.0,12735.0,449356
2023-11-30,12626.052734375,12925.0,12935.0,12870.0,12900.0,354770
2023-12-01,12616.2822265625,12915.0,12915.0,12830.0,12830.0,342674
2023-12-04,12611.3974609375,12910.0,12920.0,12820.0,12890.0,382236
2023-12-05,12523.4814453125,12820.0,12855.0,12815.0,12815.0,535488
2023-12-06,12596.7470703125,12895.0,12900.0,12825.0,12825.0,577155
2023-12-07,12567.4384765625,12865.0,12870.0,12750.0,12835.0,608029
2023-12-08,12674.8955078125,12975.0,13090.0,12970.0,13080.0,632505
2023-12-11,12855.6171875,13160.0,13195.0,13150.0,13165.0,1314337
2023-12-12,13265.90234375,13580.0,13645.0,13500.0,13500.0,3381859
2023-12-13,13436.8544921875,13755.0,13780.0,13690.0,13695.0,1213631
2023-12-14,13558.96484375,13880.0,13885.0,13785.0,13800.0,1197767
2023-12-15,13783.6435546875,14110.0,14120.0,14050.0,14090.0,1091618
2023-12-18,13881.330078125,14210.0,14225.0,14180.0,14200.0,845486
2023-12-19,13910.6376953125,14240.0,14250.0,14170.0,14210.0,775165
2023-12-20,13969.25,14300.0,14315.0,14245.0,14245.0,919547
2023-12-21,13754.337890625,14080.0,14080.0,13950.0,13965.0,1021776
2023-12-22,13905.7529296875,14235.0,14250.0,14195.0,14250.0,760361
2023-12-26,13959.482421875,14290.0,14320.0,14270.0,14290.0,918632
2023-12-27,14223.2353515625,14560.0,14560.0,14455.0,14485.0,760968
2023-12-28,14223.2353515625,14560.0,14565.0,14500.0,14565.0,615357
2024-01-02,14145.0869140625,14480.0,14485.0,14365.0,14390.0,1037428
2024-01-03,13681.0703125,14005.0,14075.0,13970.0,14075.0,1590346
2024-01-04,13490.5830078125,13810.0,13810.0,13730.0,13790.0,1207335
2024-01-05,13402.6640625,13720.0,13770.0,13680.0,13770.0,1128051
2024-01-08,13495.4677734375,13815.0,13815.0,13760.0,13760.0,1151723
2024-01-09,13891.099609375,14220.0,14220.0,14145.0,14160.0,1656694
2024-01-10,13969.25,14300.0,14300.0,14245.0,14250.0,695795
2024-01-11,13930.1748046875,14260.0,14270.0,14225.0,14235.0,1212798
2024-01-12,13886.21484375,14215.0,14240.0,14195.0,14225.0,683487
2024-01-15,13939.943359375,14270.0,14270.0,14135.0,14200.0,625914
2024-01-16,13925.2900390625,14255.0,14265.0,14150.0,14260.0,754824
2024-01-17,14193.9287109375,14530.0,14650.0,14530.0,14595.0,2062144
2024-01-19,14740.9775390625,15090.0,15090.0,14965.0,14985.0,1838178
2024-01-22,15390.595703125,15755.0,15755.0,15535.0,15565.0,3180115
2024-01-23,15244.064453125,15605.0,15675.0,15595.0,15640.0,2278413
2024-01-24,15439.4384765625,15805.0,15805.0,15660.0,15730.0,3671246
2024-01-25,15683.658203125,16055.0,16055.0,15880.0,15950.0,3025685
2024-01-26,15317.3310546875,15680.0,15780.0,15675.0,15765.0,5693242
2024-01-29,15190.337890625,15550.0,15550.0,15390.0,15420.0,2495525
2024-01-30,15313.2373046875,15575.0,15700.0,15540.0,15700.0,2831692
2024-01-31,14944.5380859375,15200.0,15245.0,15130.0,15245.0,3355594
2024-02-01,14919.9599609375,15175.0,15175.0,15120.0,15120.0,3960979
2024-02-02,14954.3701171875,15210.0,15365.0,15120.0,15360.0,4296104
2024-02-05,15092.0185546875,15350.0,15425.0,15315.0,15315.0,2092541
2024-02-06,15264.078125,15525.0,15550.0,15505.0,15525.0,2286756
2024-02-07,15057.6064453125,15315.0,15320.0,15250.0,15320.0,984408
2024-02-08,15386.9755859375,15650.0,15650.0,15560.0,15575.0,1528138
2024-02-13,15760.587890625,16030.0,16065.0,15970.0,15975.0,2641636
2024-02-14,15647.521484375,15915.0,15935.0,15865.0,15870.0,1862282
2024-02-15,15957.228515625,16230.0,16240.0,16150.0,16150.0,2375911
2024-02-16,16006.388671875,16280.0,16285.0,16210.0,16215.0,2509364
2024-02-19,15878.5732421875,16150.0,16185.0,16055.0,16185.0,1200368
2024-02-20,15829.4130859375,16100.0,16125.0,16055.0,16125.0,1496474
2024-02-21,15519.70703125,15785.0,15825.0,15760.0,15775.0,1762972
2024-02-22,16026.0517578125,16300.0,16300.0,16050.0,16250.0,3558076
2024-02-23,16242.3564453125,16520.0,16545.0,16460.0,16495.0,2592248
2024-02-26,16030.9677734375,16305.0,16380.0,16260.0,16380.0,1750562
2024-02-27,16144.0341796875,16420.0,16470.0,16420.0,16470.0,959830
2024-02-28,16188.27734375,16465.0,16515.0,16425.0,16425.0,1047622
2024-02-29,16040.80078125,16315.0,16340.0,16255.0,16305.0,1429425
2024-03-04,17117.396484375,17410.0,17440.0,17360.0,17400.0,4404059
2024-03-05,17191.134765625,17485.0,17585.0,17485.0,17575.0,3578825
2024-03-06,17097.734375,17390.0,17600.0,17325.0,17325.0,3171302
2024-03-07,17392.689453125,17690.0,17690.0,17600.0,17650.0,5236033
2024-03-08,17859.7109375,18165.0,18205.0,18090.0,18140.0,4786598
2024-03-11,16989.58203125,17280.0,17340.0,17230.0,17340.0,4826171
2024-03-12,17092.8125,17385.0,17385.0,17115.0,17145.0,4229632
2024-03-13,17255.041015625,17550.0,17555.0,17465.0,17510.0,4044333
2024-03-14,16906.0078125,17195.0,17195.0,17035.0,17105.0,2937816
2024-03-15,16591.388671875,16875.0,16915.0,16800.0,16850.0,2576892
2024-03-18,16807.689453125,17095.0,17095.0,16865.0,16870.0,3042024
2024-03-19,16561.892578125,16845.0,16870.0,16770.0,16855.0,2168942
2024-03-20,16497.984375,16780.0,16820.0,16745.0,16820.0,2073538
2024-03-21,16960.083984375,17250.0,17300.0,17150.0,17150.0,5388765
2024-03-22,17166.556640625,17460.0,17480.0,17345.0,17375.0,2696858
2024-03-25,17161.642578125,17455.0,17550.0,17425.0,17510.0,1720548
2024-03-26,17176.384765625,17470.0,17485.0,17410.0,17430.0,2005650
2024-03-27,17200.966796875,17495.0,17500.0,17340.0,17380.0,1871563
2024-03-28,17225.546875,17520.0,17600.0,17485.0,17570.0,1394046
2024-03-29,17274.70703125,17570.0,17610.0,17535.0,17545.0,1256229
2024-04-01,17427.103515625,17725.0,17755.0,17640.0,17680.0,2455094
2024-04-02,17510.673828125,17810.0,17855.0,17760.0,17815.0,2820059
2024-04-03,17112.478515625,17405.0,17560.0,17380.0,17560.0,2083345
2024-04-04,17387.775390625,17685.0,17695.0,17580.0,17580.0,2393077
2024-04-05,16891.26171875,17180.0,17180.0,17065.0,17130.0,2924755
2024-04-08,17009.244140625,17300.0,17340.0,17290.0,17290.0,1345727
2024-04-09,17161.642578125,17455.0,17455.0,17340.0,17345.0,783508
2024-04-11,17102.650390625,17395.0,17395.0,17290.0,17290.0,938432
2024-04-12,17579.498046875,17880.0,17890.0,17780.0,17780.0,2966102
2024-04-15,17304.203125,17600.0,17600.0,17450.0,17470.0,2496758
2024-04-16,17038.7421875,17330.0,17405.0,17250.0,17250.0,3291178
2024-04-17,16969.91796875,17260.0,17500.0,17175.0,17490.0,3944280
2024-04-18,16689.70703125,16975.0,16975.0,16765.0,16845.0,3631227
2024-04-19,16016.220703125,16290.0,16535.0,16135.0,16535.0,4719325
2024-04-22,15686.8486328125,15955.0,15955.0,15815.0,15860.0,3182494
2024-04-23,15770.4208984375,16040.0,16075.0,16015.0,16055.0,1606627
2024-04-24,16321.0078125,16600.0,16600.0,16500.0,16500.0,2378580
2024-04-25,16193.1943359375,16470.0,16565.0,16350.0,16370.0,1323603
2024-04-26,16625.80078125,16910.0,16945.0,16850.0,16920.0,1764372
2024-04-29,17088.99609375,17340.0,17405.0,17300.0,17300.0,1673876
2024-04-30,17157.984375,17410.0,17430.0,17340.0,17340.0,892923
2024-05-02,16399.12890625,16640.0,16700.0,16590.0,16665.0,3345170
2024-05-03,16448.404296875,16690.0,16880.0,16670.0,16880.0,1532253
2024-05-07,17064.357421875,17315.0,17345.0,17235.0,17250.0,2374230
2024-05-08,17064.357421875,17315.0,17320.0,17160.0,17160.0,1316635
2024-05-09,17074.212890625,17325.0,17335.0,17285.0,17305.0,1169447
2024-05-10,17039.71875,17290.0,17320.0,17235.0,17320.0,1270977
2024-05-13,17207.2578125,17460.0,17475.0,17410.0,17440.0,1389742
2024-05-14,17217.111328125,17470.0,17480.0,17450.0,17460.0,868263
2024-05-16,17665.52734375,17925.0,18110.0,17745.0,18050.0,5917910
2024-05-17,17724.66015625,17985.0,18030.0,17885.0,17885.0,2148015
2024-05-20,17704.94921875,17965.0,17980.0,17900.0,17925.0,1745457
2024-05-21,18079.447265625,18345.0,18380.0,18305.0,18305.0,3446392
2024-05-22,18113.94140625,18380.0,18380.0,18330.0,18355.0,2397973
2024-05-23,18572.212890625,18845.0,18885.0,18770.0,18800.0,4626383
2024-05-24,18330.755859375,18600.0,18655.0,18505.0,18640.0,3066267
2024-05-27,18562.353515625,18835.0,18875.0,18830.0,18840.0,1795830
2024-05-28,18651.052734375,18925.0,18925.0,18840.0,18855.0,2245374
2024-05-29,18838.302734375,19115.0,19270.0,19110.0,19200.0,2886631
2024-05-30,18582.06640625,18855.0,18900.0,18810.0,18835.0,3378124
2024-05-31,18655.98046875,18930.0,18930.0,18720.0,18780.0,2264652
2024-06-03,18577.13671875,18850.0,18865.0,18770.0,18815.0,3148506
2024-06-04,18518.0078125,18790.0,18820.0,18735.0,18775.0,2319222
2024-06-05,18449.01953125,18720.0,18720.0,18615.0,18660.0,2254969
2024-06-07,18941.783203125,19220.0,19255.0,19175.0,19215.0,2954246
2024-06-10,18946.7109375,19225.0,19320.0,19225.0,19295.0,1684002
2024-06-11,19252.220703125,19535.0,19560.0,19470.0,19470.0,2144532
2024-06-12,19365.560546875,19650.0,19650.0,19565.0,19565.0,2312028
2024-06-13,20084.990234375,20380.0,20395.0,20265.0,20265.0,4290945
2024-06-14,20237.74609375,20535.0,20535.0,20415.0,20425.0,2942940
2024-06-17,20267.314453125,20565.0,20625.0,20520.0,20550.0,2149681
2024-06-18,20622.1015625,20925.0,20925.0,20815.0,20840.0,3649232
2024-06-19,20971.962890625,21280.0,21335.0,21130.0,21135.0,2656570
2024-06-20,21178.923828125,21490.0,21495.0,21115.0,21115.0,4116944
2024-06-21,20493.982421875,20795.0,20810.0,20720.0,20785.0,5427862
2024-06-24,20163.83203125,20460.0,20485.0,20380.0,20480.0,3235405
2024-06-25,19582.373046875,19870.0,19895.0,19690.0,19885.0,4808580
2024-06-26,20089.9140625,20385.0,20385.0,20190.0,20315.0,3208045
2024-06-27,19675.998046875,19965.0,20015.0,19920.0,20015.0,2200413
2024-06-28,19661.216796875,19950.0,20050.0,19930.0,20000.0,3225882
2024-07-01,19858.3203125,20150.0,20175.0,20025.0,20025.0,3168530
2024-07-02,19799.189453125,20090.0,20105.0,20025.0,20105.0,2779167
2024-07-03,20114.55859375,20410.0,20425.0,20330.0,20330.0,2912332
2024-07-04,20380.646484375,20680.0,20760.0,20650.0,20730.0,4089867
2024-07-05,20420.068359375,20720.0,20725.0,20610.0,20690.0,3591032
2024-07-08,20400.359375,20700.0,20710.0,20610.0,20640.0,3579971
2024-07-09,20868.484375,21175.0,21260.0,21150.0,21150.0,5185496
2024-07-10,20883.265625,21190.0,21245.0,21170.0,21175.0,3107348
2024-07-11,21188.77734375,21500.0,21610.0,21500.0,21605.0,3908040
2024-07-12,20518.62109375,20820.0,20825.0,20650.0,20705.0,5687705
2024-07-15,20976.892578125,21285.0,21285.0,21085.0,21085.0,3034761
2024-07-16,20986.748046875,21295.0,21315.0,21260.0,21285.0,2525870
2024-07-17,20730.51171875,21035.0,21280.0,21010.0,21280.0,2601975
2024-07-18,19922.376953125,20215.0,20220.0,19755.0,19960.0,6941746
2024-07-19,19818.8984375,20110.0,20110.0,20030.0,20045.0,2750986
2024-07-22,19232.515625,19515.0,19635.0,19400.0,19635.0,3675881
2024-07-23,19641.505859375,19930.0,20135.0,19900.0,20135.0,2297943
2024-07-24,19291.64453125,19575.0,19745.0,19550.0,19670.0,1965720
2024-07-25,18522.935546875,18795.0,18950.0,18700.0,18950.0,3911342
2024-07-26,18384.958984375,18655.0,18750.0,18415.0,18435.0,3146950
2024-07-29,18749.60546875,19025.0,19100.0,18850.0,18890.0,2780074
2024-07-30,18329.65234375,18550.0,18570.0,18440.0,18530.0,2193691
2024-07-31,18309.892578125,18530.0,18580.0,18225.0,18350.0,4124421
2024-08-01,18863.244140625,19090.0,19295.0,18990.0,19215.0,3425072
2024-08-02,16995.69140625,17200.0,17645.0,17200.0,17600.0,5299960
2024-08-05,14797.119140625,14975.0,16200.0,14715.0,16160.0,7092403
2024-08-06,16580.677734375,16780.0,17000.0,16520.0,16520.0,6074608
2024-08-07,16600.44140625,16800.0,17050.0,16380.0,16445.0,4453088
2024-08-08,16032.2705078125,16225.0,16310.0,15870.0,16005.0,3732982
2024-08-09,16951.224609375,17155.0,17330.0,16975.0,17330.0,2744098
2024-08-12,16946.283203125,17150.0,17180.0,16975.0,17035.0,2047524
2024-08-13,17064.857421875,17270.0,17270.0,17170.0,17195.0,1615791
2024-08-14,17702.19921875,17915.0,17915.0,17795.0,17870.0,2953603
2024-08-16,18502.576171875,18725.0,18735.0,18640.0,18690.0,2739121
2024-08-19,18008.515625,18225.0,18530.0,18170.0,18530.0,2104723
2024-08-20,18349.412109375,18570.0,18655.0,18445.0,18515.0,1964668
2024-08-21,18186.375,18405.0,18415.0,18180.0,18240.0,1740181
2024-08-22,18379.060546875,18600.0,18645.0,18530.0,18630.0,3203758
2024-08-23,18038.15625,18255.0,18255.0,18100.0,18120.0,1992262
2024-08-26,18127.087890625,18345.0,18350.0,18235.0,18295.0,1695895
2024-08-28,18008.515625,18225.0,18240.0,17985.0,17990.0,2492770
2024-08-29,17326.70703125,17535.0,17595.0,17300.0,17380.0,3575166
2024-08-30,17751.60546875,17965.0,17965.0,17740.0,17740.0,2095558
2024-09-02,17954.16796875,18170.0,18250.0,18145.0,18200.0,1037524
2024-09-03,17934.40625,18150.0,18225.0,18150.0,18200.0,2560324
2024-09-04,16521.390625,16720.0,16845.0,16660.0,16835.0,4275056
2024-09-05,16600.44140625,16800.0,16935.0,16760.0,16830.0,2301313
2024-09-06,16229.89453125,16425.0,16625.0,16425.0,16625.0,2761624
2024-09-09,16032.2705078125,16225.0,16225.0,15950.0,15985.0,2806173
2024-09-10,16145.90625,16340.0,16470.0,16310.0,16460.0,2495700
2024-09-11,16264.478515625,16460.0,16595.0,16345.0,16565.0,1652239
2024-09-12,17227.90234375,17435.0,17450.0,17310.0,17310.0,2335836
2024-09-13,17040.15625,17245.0,17360.0,17215.0,17350.0,1347054
2024-09-19,17302.0078125,17510.0,17510.0,17195.0,17200.0,1551688
2024-09-20,17588.564453125,17800.0,17840.0,17770.0,17805.0,1737377
2024-09-23,17588.564453125,17800.0,17855.0,17640.0,17680.0,1397825
2024-09-24,17573.740234375,17785.0,17810.0,17660.0,17810.0,1091801
2024-09-25,17563.861328125,17775.0,17900.0,17775.0,17875.0,1705096
2024-09-26,18344.4765625,18565.0,18585.0,18335.0,18355.0,2509667
2024-09-27,18146.8515625,18365.0,18575.0,18365.0,18500.0,2101190
2024-09-30,17692.318359375,17905.0,18280.0,17880.0,18280.0,1163910
2024-10-02,17153.7890625,17360.0,17555.0,17360.0,17455.0,2104385
2024-10-04,17855.359375,18070.0,18135.0,17905.0,17910.0,1412899
2024-10-07,18265.423828125,18485.0,18545.0,18455.0,18510.0,930706
2024-10-08,18265.423828125,18485.0,18520.0,18400.0,18455.0,818286
2024-10-10,18645.8515625,18870.0,18975.0,18870.0,18915.0,1247211
2024-10-11,18640.91015625,18865.0,18945.0,18835.0,18915.0,740524
2024-10-14,18818.7734375,19045.0,19080.0,18975.0,18975.0,1149883
2024-10-15,19253.546875,19485.0,19510.0,19385.0,19450.0,2572266
2024-10-16,18477.873046875,18700.0,18700.0,18540.0,18550.0,2354750
2024-10-17,18769.3671875,18995.0,18995.0,18555.0,18650.0,2736942
2024-10-18,18640.91015625,18865.0,18925.0,18795.0,18925.0,1288112
2024-10-21,18645.8515625,18870.0,18880.0,18820.0,18865.0,974619
2024-10-22,18675.498046875,18900.0,19000.0,18850.0,18930.0,1108798
2024-10-23,18655.734375,18880.0,18970.0,18880.0,18895.0,1158639
2024-10-24,18660.671875,18885.0,18905.0,18795.0,18800.0,835626
2024-10-25,18729.841796875,18955.0,18970.0,18830.0,18880.0,957621
2024-10-28,19011.4609375,19240.0,19340.0,19185.0,19220.0,1677599
2024-10-29,18868.1796875,19095.0,19150.0,18950.0,19150.0,1240932
2024-10-31,18380.927734375,18560.0,18680.0,18535.0,18640.0,1511951
2024-11-01,17974.8828125,18150.0,18175.0,17950.0,18080.0,1701574
2024-11-04,18054.111328125,18230.0,18290.0,18120.0,18225.0,1031466
2024-11-06,18673.080078125,18855.0,18955.0,18310.0,18355.0,2853851
2024-11-07,19069.22265625,19255.0,19320.0,19195.0,19235.0,1488698
2024-11-08,19306.904296875,19495.0,19565.0,19440.0,19475.0,2076257
2024-11-11,19262.341796875,19450.0,19590.0,19435.0,19515.0,1292019
2024-11-12,18821.6328125,19005.0,19055.0,18940.0,19015.0,1605094
2024-11-13,18643.373046875,18825.0,18970.0,18815.0,18945.0,1035787
2024-11-14,18197.7109375,18375.0,18640.0,18365.0,18640.0,1604193
2024-11-15,18098.6796875,18275.0,18500.0,18265.0,18375.0,831477
2024-11-18,17776.810546875,17950.0,17955.0,17820.0,17890.0,1579358
2024-11-19,17826.33203125,18000.0,18020.0,17950.0,17990.0,623814
2024-11-20,17945.173828125,18120.0,18140.0,18045.0,18080.0,635431
2024-11-21,17712.44140625,17885.0,18025.0,17845.0,17950.0,780218
2024-11-22,18143.2421875,18320.0,18340.0,18245.0,18255.0,763825
2024-11-25,18237.328125,18415.0,18420.0,18330.0,18400.0,1185614
2024-11-26,18237.328125,18415.0,18465.0,18345.0,18415.0,1310647
2024-11-27,17925.365234375,18100.0,18170.0,18085.0,18130.0,871208
2024-11-28,17722.34375,17895.0,17900.0,17775.0,17830.0,871500
2024-11-29,17846.13671875,18020.0,18040.0,17860.0,17905.0,1139090
2024-12-02,18014.49609375,18190.0,18190.0,18090.0,18130.0,1036778
2024-12-03,18499.76953125,18680.0,18710.0,18650.0,18650.0,1328741
2024-12-04,18687.935546875,18870.0,18930.0,18800.0,18840.0,1479320
2024-12-05,18890.958984375,19075.0,19090.0,19005.0,19005.0,1282221
2024-12-06,18653.2734375,18835.0,18915.0,18705.0,18720.0,1270559
2024-12-09,18920.669921875,19105.0,19150.0,18995.0,18995.0,1057963
2024-12-10,18628.513671875,18810.0,18915.0,18810.0,18895.0,772923
2024-12-11,18321.5078125,18500.0,18530.0,18450.0,18505.0,897610
2024-12-12,18757.26171875,18940.0,18990.0,18905.0,18905.0,890477
2024-12-13,18950.380859375,19135.0,19245.0,19105.0,19130.0,1552564
2024-12-16,19306.904296875,19495.0,19570.0,19415.0,19455.0,1815173
2024-12-17,19668.38671875,19860.0,19890.0,19825.0,19850.0,1435350
2024-12-18,19410.89453125,19600.0,19610.0,19555.0,19580.0,1124151
2024-12-19,18697.83984375,18880.0,18950.0,18800.0,18885.0,1509406
2024-12-20,18430.447265625,18610.0,18710.0,18535.0,18700.0,1099409
2024-12-23,19074.173828125,19260.0,19260.0,18985.0,19070.0,888767
2024-12-24,19425.748046875,19615.0,19635.0,19575.0,19590.0,1021262
2024-12-26,19777.32421875,19970.0,20000.0,19910.0,19910.0,1974363
2024-12-27,19698.09375,19890.0,20185.0,19890.0,20005.0,2083831
2024-12-30,19653.529296875,19845.0,19930.0,19755.0,19915.0,985148
2025-01-02,19227.6796875,19415.0,19480.0,19335.0,19430.0,1014078
2025-01-03,19356.423828125,19545.0,19550.0,19425.0,19450.0,822811
2025-01-06,19965.4921875,20160.0,20160.0,20000.0,20015.0,1235795
2025-01-07,20104.138671875,20300.0,20550.0,20250.0,20495.0,2313267
2025-01-08,19876.357421875,20070.0,20075.0,19950.0,20050.0,1565882
2025-01-09,19717.90234375,19910.0,19995.0,19740.0,19995.0,927468
2025-01-10,19747.61328125,19940.0,19940.0,19670.0,19805.0,1051166
2025-01-13,19237.58203125,19425.0,19835.0,19365.0,19835.0,1067204
2025-01-14,19371.279296875,19560.0,19585.0,19450.0,19585.0,1426790
2025-01-15,19287.1015625,19475.0,19560.0,19470.0,19480.0,478313
2025-01-16,19772.37109375,19965.0,19965.0,19755.0,19850.0,1323153
2025-01-17,19752.564453125,19945.0,19960.0,19800.0,19815.0,693161
2025-01-20,20044.71875,20240.0,20430.0,20205.0,20350.0,1175182
2025-01-21,20005.1015625,20200.0,20300.0,19950.0,20275.0,1708293
2025-01-22,20252.69140625,20450.0,20500.0,20370.0,20420.0,1691393
2025-01-23,20416.1015625,20615.0,20695.0,20565.0,20680.0,1446683
2025-01-24,20289.107421875,20450.0,20590.0,20380.0,20590.0,1573614
2025-01-31,19257.291015625,19410.0,19435.0,19120.0,19130.0,2532434
2025-02-03,18562.796875,18710.0,18945.0,18555.0,18910.0,2128191
2025-02-04,18805.8671875,18955.0,19125.0,18750.0,19115.0,1692533
2025-02-05,18766.18359375,18915.0,19095.0,18915.0,19000.0,986629
2025-02-06,19217.603515625,19370.0,19385.0,19250.0,19250.0,765189
2025-02-07,19227.52734375,19380.0,19490.0,19370.0,19370.0,1112949
2025-02-10,19123.3515625,19275.0,19320.0,19225.0,19230.0,865170
2025-02-11,19227.52734375,19380.0,19440.0,19360.0,19400.0,540104
2025-02-12,19282.091796875,19435.0,19475.0,19400.0,19400.0,573305
2025-02-13,19311.857421875,19465.0,19525.0,19435.0,19500.0,507753
2025-02-14,19435.875,19590.0,19610.0,19490.0,19610.0,771367
2025-02-17,19490.439453125,19645.0,19675.0,19580.0,19615.0,500337
2025-02-18,19554.927734375,19710.0,19720.0,19585.0,19645.0,773862
2025-02-19,19768.236328125,19925.0,19990.0,19915.0,19915.0,858568
2025-02-20,19773.197265625,19930.0,20115.0,19930.0,20080.0,617063
2025-02-21,19852.572265625,20010.0,20055.0,19960.0,20025.0,550872
2025-02-24,19316.81640625,19470.0,19485.0,19365.0,19480.0,1315510
2025-02-25,18795.947265625,18945.0,19140.0,18815.0,19140.0,1133703
2025-02-26,18562.796875,18710.0,18710.0,18470.0,18700.0,1088198
2025-02-27,18875.322265625,19025.0,19025.0,18820.0,18900.0,965928
2025-02-28,18002.244140625,18145.0,18145.0,17960.0,18110.0,2288784
2025-03-04,17654.994140625,17795.0,17805.0,17600.0,17715.0,1326906
2025-03-05,17779.015625,17920.0,17920.0,17740.0,17850.0,1125729
2025-03-06,17545.861328125,17685.0,17900.0,17635.0,17835.0,978651
2025-03-07,17193.65625,17330.0,17490.0,17320.0,17490.0,893551
2025-03-10,17426.8046875,17565.0,17650.0,17405.0,17410.0,1231216
2025-03-11,16801.76171875,16935.0,16935.0,16580.0,16820.0,1514648
2025-03-12,16752.15625,16885.0,16885.0,16765.0,16765.0,1032454
2025-03-13,16836.486328125,16970.0,17250.0,16950.0,17170.0,1173472
2025-03-14,17074.59765625,17210.0,17315.0,17095.0,17125.0,936643
2025-03-17,17273.025390625,17410.0,17555.0,17410.0,17555.0,839323
2025-03-18,17580.587890625,17720.0,17735.0,17650.0,17735.0,802047
2025-03-19,17501.216796875,17640.0,17650.0,17450.0,17450.0,595204
2025-03-20,17808.775390625,17950.0,17995.0,17805.0,17830.0,624659
2025-03-21,17590.5078125,17730.0,17870.0,17695.0,17870.0,524222
2025-03-24,17650.037109375,17790.0,17795.0,17690.0,17730.0,369385
2025-03-25,18002.244140625,18145.0,18170.0,18105.0,18110.0,546235
2025-03-26,17823.66015625,17965.0,18100.0,17955.0,18100.0,460457
2025-03-27,17282.9453125,17420.0,17445.0,17355.0,17380.0,689573
2025-03-28,16920.818359375,17055.0,17060.0,16995.0,17030.0,480766
2025-03-31,16171.7578125,16300.0,16675.0,16230.0,16675.0,1153835
2025-04-01,16370.1845703125,16500.0,16510.0,16420.0,16470.0,889042
2025-04-02,16355.3037109375,16485.0,16640.0,16465.0,16640.0,439963
2025-04-03,15948.529296875,16075.0,16195.0,15985.0,16100.0,1058973
2025-04-04,14688.5185546875,14805.0,15000.0,14570.0,15000.0,3473585
2025-04-07,12783.6259765625,12885.0,13440.0,12885.0,13235.0,4314480
2025-04-08,14306.548828125,14420.0,14570.0,14335.0,14370.0,2554255
2025-04-09,13686.4677734375,13795.0,13915.0,13555.0,13795.0,2439768
2025-04-10,15849.3154296875,15975.0,16235.0,15835.0,16165.0,3885156
2025-04-11,15125.0576171875,15245.0,15245.0,14460.0,14805.0,3221182
2025-04-14,15169.7041015625,15290.0,15370.0,15195.0,15210.0,2186952
2025-04-15,14891.9072265625,15010.0,15040.0,14900.0,14985.0,2030885
2025-04-16,14361.1171875,14475.0,14795.0,14390.0,14680.0,1441058
2025-04-17,14564.5029296875,14680.0,14680.0,14325.0,14360.0,1666595
2025-04-18,14346.2333984375,14460.0,14470.0,14330.0,14415.0,821524
2025-04-21,14043.6328125,14155.0,14370.0,14100.0,14370.0,933678
2025-04-22,14003.9482421875,14115.0,14180.0,14020.0,14020.0,848663
2025-04-23,14584.345703125,14700.0,14730.0,14545.0,14655.0,1178032
2025-04-24,14916.7109375,15035.0,15035.0,14930.0,14960.0,931947
2025-04-25,15834.43359375,15960.0,15995.0,15845.0,15895.0,1570642
2025-04-28,15844.3544921875,15970.0,16030.0,15900.0,16015.0,775655
2025-04-29,15874.1552734375,15980.0,16045.0,15890.0,15945.0,520892
2025-04-30,15501.6396484375,15605.0,15830.0,15570.0,15770.0,748630
2025-05-02,15705.2822265625,15810.0,16160.0,15810.0,15880.0,1461227
2025-05-07,15854.2890625,15960.0,15995.0,15770.0,15800.0,697952
2025-05-08,16122.4990234375,16230.0,16275.0,16020.0,16030.0,1267306
2025-05-09,16301.3076171875,16410.0,16525.0,16315.0,16335.0,1177516
2025-05-12,16847.6640625,16960.0,16965.0,16665.0,16700.0,1533687
2025-05-13,17543.029296875,17660.0,17795.0,17560.0,17665.0,1913093
2025-05-14,18377.466796875,18500.0,18500.0,18240.0,18270.0,1977429
2025-05-15,17990.046875,18110.0,18435.0,18080.0,18435.0,1382971
2025-05-16,17836.07421875,17955.0,18100.0,17910.0,18040.0,694052
2025-05-19,17592.69921875,17710.0,18050.0,17660.0,17800.0,1606297
2025-05-20,17657.265625,17775.0,17970.0,17750.0,17905.0,841954
2025-05-21,17587.728515625,17705.0,17875.0,17690.0,17875.0,824867
2025-05-22,17319.521484375,17435.0,17520.0,17315.0,17520.0,1038129
2025-05-23,17091.041015625,17205.0,17365.0,17165.0,17350.0,850646
2025-05-26,16986.73828125,17100.0,17150.0,17030.0,17130.0,943686
2025-05-27,17091.041015625,17205.0,17205.0,17085.0,17095.0,1043444
2025-05-28,17498.326171875,17615.0,17620.0,17495.0,17575.0,1022481
2025-05-29,17875.8125,17995.0,18095.0,17860.0,17895.0,1786110
2025-05-30,17493.359375,17610.0,17610.0,17375.0,17440.0,1090307
2025-06-02,16927.134765625,17040.0,17255.0,17010.0,17255.0,704711
2025-06-04,17781.4375,17900.0,17945.0,17840.0,17900.0,1003724
2025-06-05,17811.240234375,17930.0,18020.0,17900.0,18000.0,742484
2025-06-09,17781.4375,17900.0,18010.0,17880.0,17950.0,649977
2025-06-10,18352.630859375,18475.0,18485.0,18235.0,18250.0,2367155
2025-06-11,18749.98046875,18875.0,18875.0,18720.0,18790.0,1448011
2025-06-12,18491.703125,18615.0,18790.0,18525.0,18755.0,1085095
2025-06-13,18352.630859375,18475.0,18600.0,18337.0,18600.0,1696578
2025-06-16,18283.095703125,18405.0,18415.0,18310.0,18330.0,1393409
2025-06-17,18640.7109375,18765.0,18805.0,18650.0,18655.0,1160154
2025-06-18,18754.9453125,18880.0,18920.0,18815.0,18830.0,874990
2025-06-19,18789.716796875,18915.0,18965.0,18860.0,18925.0,1182063
2025-06-20,18705.279296875,18830.0,18915.0,18795.0,18915.0,787040
2025-06-23,18740.046875,18865.0,18865.0,18645.0,18655.0,1273286
2025-06-24,18933.755859375,19060.0,19075.0,18955.0,19070.0,1463012
2025-06-25,19326.140625,19455.0,19505.0,19355.0,19380.0,2250725
2025-06-26,19519.849609375,19650.0,19675.0,19490.0,19585.0,1160539
2025-06-27,19693.689453125,19825.0,19835.0,19715.0,19715.0,1443443
2025-06-30,19688.72265625,19820.0,19900.0,19755.0,19855.0,1310926
2025-07-01,19624.15234375,19755.0,19785.0,19655.0,19730.0,1266434
2025-07-02,19599.318359375,19730.0,19762.0,19610.0,19645.0,892397
2025-07-03,19946.998046875,20080.0,20105.0,19925.0,19965.0,1396934
2025-07-04,19927.12890625,20060.0,20215.0,20030.0,20145.0,1138035
2025-07-07,19966.865234375,20100.0,20155.0,20070.0,20130.0,1327675
2025-07-08,19882.431640625,20015.0,20025.0,19925.0,19950.0,1335481
2025-07-09,20215.212890625,20350.0,20390.0,20305.0,20305.0,1946995
2025-07-10,20225.146484375,20360.0,20455.0,20360.0,20450.0,1267718
2025-07-11,20423.8203125,20560.0,20605.0,20475.0,20570.0,1703111
2025-07-14,20438.720703125,20575.0,20600.0,20505.0,20555.0,1011354
2025-07-15,20602.626953125,20740.0,20810.0,20475.0,20500.0,2233772
2025-07-16,20612.5625,20750.0,20870.0,20750.0,20840.0,1789202
2025-07-17,20880.7734375,21020.0,21020.0,20750.0,20750.0,2436460
2025-07-18,20920.5078125,21060.0,21110.0,20975.0,21025.0,2327168
2025-07-21,20895.67578125,21035.0,21060.0,20985.0,21045.0,915867
2025-07-22,20716.865234375,20855.0,20930.0,20830.0,20930.0,1654357
2025-07-23,20225.146484375,20360.0,20470.0,20245.0,20420.0,1935763
2025-07-24,20289.712890625,20425.0,20540.0,20375.0,20470.0,1871306
2025-07-25,20364.216796875,20500.0,20500.0,20340.0,20370.0,1596283
2025-07-28,20567.859375,20705.0,20705.0,20555.0,20570.0,908210
2025-07-29,20895.67578125,21035.0,21070.0,20925.0,20925.0,1577585
2025-07-30,20837.95703125,20940.0,20995.0,20830.0,20990.0,2303746
2025-07-31,20892.689453125,20995.0,21205.0,20995.0,21195.0,1838905
2025-08-01,20420.00390625,20520.0,20570.0,20300.0,20300.0,1594731
2025-08-04,20126.44140625,20225.0,20225.0,20115.0,20215.0,1200115
2025-08-05,20524.4921875,20625.0,20630.0,20460.0,20475.0,820493
2025-08-06,20201.07421875,20300.0,20300.0,20110.0,20130.0,958342
2025-08-07,20240.880859375,20340.0,20400.0,20290.0,20325.0,938026
2025-08-08,20449.859375,20550.0,20555.0,20410.0,20440.0,1085972
2025-08-11,20594.150390625,20695.0,20730.0,20645.0,20645.0,930479
2025-08-12,20574.248046875,20675.0,20770.0,20610.0,20695.0,1074206
2025-08-13,21061.861328125,21165.0,21240.0,21165.0,21175.0,2670789
2025-08-14,21146.447265625,21250.0,21300.0,21215.0,21295.0,1166091
2025-08-18,20847.908203125,20950.0,21035.0,20935.0,20985.0,1208304
2025-08-19,20947.419921875,21050.0,21075.0,21010.0,21020.0,935708
2025-08-20,20559.3203125,20660.0,20705.0,20605.0,20665.0,1306458
2025-08-21,20599.126953125,20700.0,20705.0,20605.0,20660.0,770600
2025-08-22,20310.541015625,20410.0,20615.0,20410.0,20605.0,1464597
2025-08-25,20867.8125,20970.0,21030.0,20900.0,20960.0,821080
2025-08-26,20932.49609375,21035.0,21040.0,20855.0,21020.0,761871
2025-08-27,21216.107421875,21320.0,21320.0,21255.0,21255.0,948062
2025-08-28,20982.25,21085.0,21115.0,21065.0,21115.0,634526
2025-08-29,21106.640625,21210.0,21210.0,21120.0,21120.0,949594
2025-09-01,20574.248046875,20675.0,20800.0,20650.0,20800.0,574194
2025-09-02,20534.443359375,20635.0,20740.0,20605.0,20675.0,514607
2025-09-03,20360.294921875,20460.0,20575.0,20405.0,20565.0,1080508
2025-09-04,20360.294921875,20460.0,20510.0,20375.0,20425.0,941010
2025-09-05,20778.25,20880.0,20885.0,20790.0,20830.0,978343
2025-09-08,20952.39453125,21055.0,21115.0,20995.0,21050.0,1073665
2025-09-09,21106.640625,21210.0,21210.0,21105.0,21130.0,983947
2025-09-10,21240.984375,21345.0,21390.0,21320.0,21340.0,1186894
2025-09-11,21599.228515625,21705.0,21740.0,21475.0,21645.0,2041618
2025-09-12,21708.693359375,21815.0,21845.0,21765.0,21810.0,1572800
2025-09-15,21728.59375,21835.0,21980.0,21825.0,21865.0,1583574
2025-09-16,21897.767578125,22005.0,22050.0,21980.0,21980.0,975849
2025-09-17,21887.814453125,21995.0,22065.0,21975.0,22000.0,938265
2025-09-18,22166.44921875,22275.0,22275.0,22040.0,22040.0,995060
2025-09-19,22853.087890625,22965.0,23035.0,22735.0,22880.0,1680873
2025-09-22,22733.673828125,22845.0,22950.0,22800.0,22930.0,1092787
2025-09-23,23047.140625,23160.0,23205.0,23075.0,23075.0,1136236
2025-09-24,23106.845703125,23220.0,23220.0,23080.0,23130.0,1011903
2025-09-25,23057.091796875,23170.0,23230.0,23155.0,23220.0,1100055
2025-09-26,23241.1875,23355.0,23360.0,23180.0,23180.0,1546081
2025-09-29,23226.26171875,23340.0,23415.0,23310.0,23355.0,954095
2025-09-30,23191.43359375,23305.0,23320.0,23225.0,23265.0,896730
2025-10-01,23196.408203125,23310.0,23485.0,23305.0,23430.0,983687
2025-10-02,23838.263671875,23955.0,24030.0,23885.0,23915.0,1268475
2025-10-10,25574.76171875,25700.0,25700.0,25375.0,25375.0,2199935
2025-10-13,24788.609375,24910.0,24970.0,24500.0,24500.0,3036917
2025-10-14,24908.025390625,25030.0,25455.0,24930.0,25210.0,2175378
2025-10-15,24848.318359375,24970.0,25040.0,24630.0,24900.0,2149392
2025-10-16,25276.22265625,25400.0,25415.0,25210.0,25305.0,1725670
2025-10-17,24977.68359375,25100.0,25355.0,25020.0,25205.0,1431479
2025-10-20,25405.587890625,25530.0,25530.0,25255.0,25255.0,1082546
2025-10-21,25629.494140625,25755.0,25820.0,25690.0,25745.0,1232505
2025-10-22,25455.345703125,25580.0,25735.0,25485.0,25735.0,1040891
2025-10-23,25196.611328125,25320.0,25350.0,25030.0,25050.0,1152998
2025-10-24,25997.689453125,26125.0,26130.0,25920.0,25925.0,1611680
2025-10-27,26624.619140625,26755.0,26790.0,26580.0,26590.0,1523235
2025-10-28,26888.328125,27020.0,27095.0,26950.0,27000.0,1332814
2025-10-29,27306.28125,27440.0,27440.0,27110.0,27350.0,1269976
2025-10-30,27392.974609375,27490.0,27610.0,27320.0,27440.0,2398430
2025-10-31,27163.78515625,27260.0,27420.0,27210.0,27420.0,1661606
2025-11-03,27183.71484375,27280.0,27350.0,27175.0,27235.0,1420579
2025-11-04,26795.091796875,26890.0,27345.0,26860.0,27280.0,1418360
2025-11-05,26301.83984375,26395.0,26410.0,25915.0,26345.0,2099028
2025-11-06,27283.361328125,27380.0,27410.0,27150.0,27255.0,1072590
2025-11-07,26879.791015625,26975.0,26975.0,26670.0,26810.0,1567229
2025-11-10,27084.068359375,27180.0,27185.0,26710.0,26830.0,1380718
2025-11-11,27343.150390625,27440.0,27615.0,27355.0,27510.0,2169883
2025-11-12,27158.802734375,27255.0,27380.0,26880.0,26880.0,1290096
2025-11-13,27293.326171875,27390.0,27515.0,26770.0,27255.0,1436003
2025-11-14,25843.4609375,25935.0,26400.0,25665.0,26400.0,2132009
2025-11-17,26167.31640625,26260.0,26345.0,25965.0,25965.0,1228417
2025-11-18,25385.087890625,25475.0,25875.0,25320.0,25745.0,1498515
2025-11-19,25011.408203125,25100.0,25270.0,24970.0,25040.0,1451685
2025-11-20,26451.310546875,26545.0,26640.0,26175.0,26175.0,1010064
2025-11-21,24558.017578125,24645.0,24780.0,24450.0,24650.0,1772049
2025-11-24,25001.443359375,25090.0,25105.0,24900.0,24900.0,653249
2025-11-25,25733.8515625,25825.0,26090.0,25825.0,26090.0,1138943
2025-11-26,25913.21484375,26005.0,26005.0,25720.0,25825.0,895933
2025-11-27,26486.185546875,26580.0,26645.0,26510.0,26625.0,574749
2025-11-28,26715.375,26810.0,26810.0,26510.0,26590.0,589379
2025-12-01,26625.69140625,26720.0,27075.0,26555.0,27050.0,1221976
2025-12-02,26989.404296875,27085.0,27295.0,27085.0,27155.0,927693
2025-12-03,27681.94921875,27780.0,27825.0,27580.0,27680.0,1595386
2025-12-04,27906.15625,28005.0,28055.0,27930.0,27965.0,1417996
2025-12-05,27980.890625,28080.0,28090.0,27890.0,27905.0,795242
2025-12-08,28170.220703125,28270.0,28295.0,28115.0,28220.0,1202794
2025-12-09,28379.478515625,28480.0,28620.0,28480.0,28540.0,1089625
2025-12-10,28339.62109375,28440.0,28480.0,28380.0,28480.0,794592
2025-12-11,28239.97265625,28340.0,28625.0,28125.0,28620.0,983584
2025-12-12,28489.091796875,28590.0,28595.0,28405.0,28415.0,829481
2025-12-15,27283.361328125,27380.0,27540.0,27220.0,27305.0,1884570
2025-12-16,26675.515625,26770.0,27300.0,26660.0,27140.0,1337759
2025-12-17,27029.26171875,27125.0,27125.0,26825.0,26825.0,868649
2025-12-18,26311.8046875,26405.0,26580.0,26135.0,26570.0,1341886
2025-12-19,26755.23046875,26850.0,26900.0,26620.0,26725.0,849035
2025-12-22,27642.091796875,27740.0,27825.0,27525.0,27525.0,941211
2025-12-23,27667.005859375,27765.0,27910.0,27740.0,27805.0,868433
2025-12-24,27268.416015625,27365.0,27940.0,27280.0,27905.0,978842
2025-12-26,27258.451171875,27355.0,27495.0,27140.0,27365.0,1059682
2025-12-29,26889.755859375,26985.0,27295.0,26985.0,27280.0,818779
2025-12-30,27024.279296875,27120.0,27120.0,26885.0,26900.0,542922
2026-01-02,27059.15625,27155.0,27195.0,26770.0,26810.0,989428
2026-01-05,28105.44921875,28205.0,28270.0,28000.0,28000.0,1740158
2026-01-06,28364.533203125,28465.0,28465.0,28220.0,28220.0,1245166
2026-01-07,28743.19140625,28845.0,29115.0,28845.0,29055.0,1713870
2026-01-08,28364.533203125,28465.0,28780.0,28380.0,28745.0,1438285
2026-01-09,28334.638671875,28435.0,28440.0,28250.0,28280.0,1409076
2026-01-12,28882.697265625,28985.0,29235.0,28940.0,29215.0,1561062
2026-01-13,29525.421875,29630.0,29660.0,29200.0,29425.0,2163292
2026-01-14,29953.904296875,30060.0,30120.0,30020.0,30020.0,2051241
2026-01-15,30043.5859375,30150.0,30150.0,29580.0,29580.0,2458602
2026-01-16,30601.609375,30710.0,30710.0,30320.0,30320.0,1734826
2026-01-19,30272.7734375,30380.0,30500.0,30332.0,30415.0,1251463
2026-01-20,30078.462890625,30185.0,30430.0,30155.0,30270.0,1513794
2026-01-21,30292.703125,30400.0,30485.0,30275.0,30275.0,1547334
2026-01-22,31089.87890625,31200.0,31405.0,31145.0,31165.0,2229423
2026-01-23,30890.5859375,31000.0,31000.0,30640.0,30730.0,1880037
2026-01-26,29844.291015625,29950.0,30110.0,29835.0,30055.0,2239603
2026-01-27,30287.720703125,30395.0,30395.0,30045.0,30090.0,1847367
2026-01-28,31005.1796875,31115.0,31125.0,30655.0,30665.0,1426680
2026-01-29,31146.845703125,31220.0,31285.0,30920.0,31280.0,2201753
2026-01-30,30737.80859375,30810.0,31135.0,30690.0,31135.0,1613059
2026-02-02,29695.25390625,29765.0,30385.0,29615.0,30165.0,2206972
2026-02-03,30962.279296875,31035.0,31230.0,30985.0,31150.0,1751705
2026-02-04,30114.271484375,30185.0,30260.0,30015.0,30060.0,2703552
2026-02-05,29495.724609375,29565.0,29675.0,29165.0,29485.0,3434893
2026-02-06,29351.0625,29420.0,29475.0,28670.0,28865.0,2729064
2026-02-09,30697.900390625,30770.0,31185.0,30770.0,30970.0,2077568
2026-02-10,31106.939453125,31180.0,31200.0,30980.0,31140.0,3089807
2026-02-11,30777.712890625,30850.0,31065.0,30850.0,30965.0,2490898
2026-02-12,31361.34375,31435.0,31485.0,31360.0,31390.0,3132403
2026-02-13,30643.029296875,30715.0,30940.0,30690.0,30725.0,2189282
2026-02-19,31082.0,31155.0,31280.0,31155.0,31165.0,1967559
2026-02-20,30957.291015625,31030.0,31070.0,30980.0,31050.0,2434497
2026-02-23,30667.97265625,30740.0,31105.0,30700.0,31105.0,1674004
2026-02-24,31027.126953125,31100.0,31265.0,31005.0,31005.0,3043735
2026-02-25,31181.763671875,31255.0,31580.0,31255.0,31460.0,2723525
2026-02-26,31496.02734375,31570.0,31620.0,31305.0,31450.0,2449630
2026-02-27,30618.087890625,30690.0,30710.0,30505.0,30565.0,1971720
2026-03-03,30558.228515625,30630.0,30995.0,30470.0,30710.0,1957816
2026-03-04,29480.7578125,29550.0,30055.0,29365.0,29960.0,2499086
2026-03-05,30243.966796875,30315.0,30560.0,30280.0,30460.0,2256359
2026-03-06,30498.369140625,30570.0,30570.0,30340.0,30370.0,915102
2026-03-09,28727.52734375,28795.0,29230.0,28285.0,29170.0,1598562
2026-03-10,29834.92578125,29905.0,30160.0,29865.0,29900.0,1622684
2026-03-11,30273.896484375,30345.0,30640.0,30280.0,30445.0,1250726
2026-03-12,30243.966796875,30315.0,30390.0,30180.0,30300.0,1699769
2026-03-13,29939.681640625,30010.0,30030.0,29675.0,29775.0,2486363
2026-03-16,30248.953125,30320.0,30330.0,30050.0,30075.0,1873322
2026-03-17,30184.107421875,30255.0,30560.0,30230.0,30555.0,2316571
2026-03-18,30742.794921875,30815.0,30855.0,30465.0,30465.0,2901394
2026-03-19,30503.357421875,30575.0,30795.0,30465.0,30555.0,2595328
2026-03-20,30802.654296875,30875.0,30935.0,30675.0,30795.0,2904891
2026-03-23,29964.62109375,30035.0,30205.0,29955.0,30115.0,3509919
2026-03-24,30174.130859375,30245.0,30495.0,30095.0,30425.0,2923516
2026-03-25,31106.939453125,31180.0,31270.0,31070.0,31075.0,1381354
2026-03-26,31146.845703125,31220.0,31470.0,31195.0,31265.0,2718472
2026-03-27,30318.7890625,30390.0,30485.0,30110.0,30120.0,1893286
2026-03-30,29595.490234375,29665.0,29665.0,29145.0,29295.0,2570184
2026-03-31,28812.330078125,28880.0,29380.0,28220.0,28270.0,4482174
2026-04-01,30278.884765625,30350.0,30380.0,30020.0,30200.0,2210492
2026-04-02,30049.423828125,30120.0,30935.0,30060.0,30870.0,2267697
2026-04-03,30682.935546875,30755.0,30940.0,30755.0,30935.0,349941
2026-04-06,30892.443359375,30965.0,31135.0,30755.0,30770.0,2642605
2026-04-07,30937.337890625,31010.0,31310.0,30965.0,31310.0,1534645
2026-04-08,32254.244140625,32330.0,32415.0,31970.0,32115.0,2625610
2026-04-09,32743.09765625,32820.0,32845.0,32610.0,32785.0,1997844
2026-04-10,33601.08203125,33680.0,33830.0,33420.0,33445.0,1720606
2026-04-13,34224.6171875,34305.0,34345.0,33850.0,33885.0,1766957
2026-04-14,35167.40234375,35250.0,35285.0,35000.0,35000.0,1704050
2026-04-15,35416.81640625,35500.0,35740.0,35360.0,35725.0,1654492
2026-04-16,35870.75,35955.0,35955.0,35560.0,35595.0,1361444
2026-04-17,36170.046875,36255.0,36255.0,36085.0,36085.0,1228174
2026-04-20,36658.90234375,36745.0,36900.0,36585.0,36710.0,1932026
2026-04-21,37167.703125,37255.0,37255.0,37040.0,37040.0,922686
2026-04-22,37726.390625,37815.0,37870.0,37560.0,37605.0,1896097
2026-04-23,38579.390625,38670.0,38780.0,38325.0,38680.0,2093981
2026-04-24,39841.42578125,39935.0,40085.0,39700.0,39805.0,1860819
2026-04-27,41273.0625,41370.0,41595.0,40590.0,40660.0,2102923
2026-04-28,40125.7578125,40220.0,41165.0,40145.0,41165.0,1996132
2026-04-29,39287.765625,39335.0,39337.0,38885.0,39055.0,2270531
2026-04-30,39707.26171875,39755.0,40865.0,39660.0,40560.0,1901876
2026-05-04,40905.8203125,40955.0,41280.0,40675.0,40775.0,1491524
2026-05-06,42448.96484375,42500.0,43095.0,42350.0,42760.0,2988248
2026-05-07,43422.79296875,43475.0,43475.0,42900.0,43115.0,1702337
2026-05-08,43397.82421875,43450.0,43450.0,42545.0,42560.0,1469891
2026-05-11,45535.25390625,45590.0,45915.0,45000.0,45000.0,2443908
2026-05-12,46204.44921875,46260.0,46740.0,45810.0,46530.0,3008348
2026-05-13,46454.1484375,46510.0,46585.0,45300.0,45445.0,3134066
2026-05-14,47123.34375,47180.0,47340.0,46755.0,47010.0,2843985
2026-05-15,46194.4609375,46250.0,47545.0,45860.0,47285.0,2428733
2026-05-18,45150.71484375,45205.0,45700.0,44420.0,45195.0,2950181
2026-05-19,44072.01171875,44125.0,44505.0,43860.0,44340.0,2479799
2026-05-20,44826.10546875,44880.0,44930.0,44360.0,44700.0,2085046
2026-05-21,46653.90625,46710.0,46960.0,45850.0,45930.0,2573697
2026-05-22,47712.63671875,47770.0,47820.0,47215.0,47295.0,1462673
2026-05-26,49115.94921875,49175.0,49530.0,48795.0,49025.0,2528787
2026-05-27,50674.07421875,50735.0,51247.0,50650.0,50715.0,3146255
2026-05-28,49295.73046875,49355.0,49970.0,48760.0,49600.0,3412406
2026-05-29,50763.96484375,50825.0,50850.0,50110.0,50200.0,2361064
2026-06-01,51158.4921875,51220.0,51620.0,50815.0,50900.0,2867236
2026-06-02,51692.8515625,51755.0,51840.0,50725.0,51165.0,3791646
2026-06-04,54729.19921875,54795.0,54865.0,53995.0,53995.0,4951662
2026-06-05,53715.41796875,53780.0,54295.0,53375.0,53400.0,3382193
2026-06-08,49470.5234375,49530.0,51200.0,49100.0,49125.0,5061693
2026-06-09,52007.47265625,52070.0,52160.0,50925.0,51860.0,3950487
2026-06-10,49865.046875,49925.0,50440.0,49110.0,50125.0,3277697
2026-06-11,49450.546875,49510.0,49510.0,47795.0,48180.0,3355848
2026-06-12,52082.3828125,52145.0,53125.0,52055.0,52700.0,2455157
2026-06-15,54913.9765625,54980.0,54980.0,53825.0,53825.0,2197253
2026-06-16,55438.34765625,55505.0,55800.0,54700.0,55635.0,2663607
2026-06-17,53805.30859375,53870.0,53900.0,52755.0,52925.0,3149975
2026-06-18,54963.91796875,55030.0,55090.0,54535.0,54690.0,2952157
2026-06-19,56532.03125,56600.0,57450.0,55965.0,57060.0,2604666
2026-06-22,57745.57421875,57815.0,57815.0,56195.0,56430.0,2699834
2026-06-23,56377.21875,56445.0,58950.0,56350.0,58650.0,3839024
2026-06-24,55358.44140625,55425.0,55800.0,54190.0,54365.0,4271016
2026-06-25,57031.4296875,57100.0,57635.0,56300.0,57550.0,3294026
2026-06-26,54409.58203125,54475.0,56315.0,54160.0,56265.0,2999869
2026-06-29,54144.90234375,54210.0,54210.0,52680.0,53715.0,2642119
2026-06-30,55842.859375,55910.0,56120.0,54975.0,55190.0,1658447
2026-07-01,57246.171875,57315.0,58100.0,57200.0,57710.0,2027406
2026-07-02,53750.375,53815.0,55085.0,53570.0,54085.0,3091770
2026-07-03,51582.98046875,51645.0,52360.0,50670.0,51160.0,3148306
2026-07-06,51438.15625,51500.0,52590.0,50900.0,52285.0,3692305
2026-07-07,50154.69921875,50215.0,51315.0,49500.0,51065.0,2118129
2026-07-08,47612.75390625,47670.0,49470.0,47670.0,48530.0,4104048
2026-07-09,50139.71875,50200.0,50200.0,49175.0,49465.0,4541346
2026-07-10,50544.23046875,50605.0,51515.0,50565.0,51265.0,4734769
2026-07-13,49061.015625,49120.0,50890.0,49055.0,50560.0,2752523
2026-07-14,48801.328125,48860.0,48975.0,47490.0,47835.0,2591936
2026-07-15,50439.35546875,50500.0,50645.0,49515.0,49665.0,2316733
2026-07-16,47917.390625,47975.0,48215.0,47550.0,48150.0,1981880
2026-07-20,45050.8359375,45105.0,46455.0,44965.0,46455.0,4833112
2026-07-21,46454.1484375,46510.0,46610.0,45030.0,45250.0,1943527
2026-07-22,46524.0625,46580.0,48120.0,46570.0,47960.0,1987649
2026-07-23,47417.98828125,47475.0,48370.0,47175.0,47940.0,2426958
2026-07-24,46688.8671875,46745.0,47800.0,46405.0,47680.0,2341943
2026-07-27,46439.16796875,46495.0,46730.0,45735.0,46720.0,2705418
2026-07-28,42678.6875,42730.0,44280.0,42585.0,44040.0,2386885
2026-07-29,40756.0,40805.0,42655.0,39920.0,42100.0,6885501
2026-07-30,39260.0,39260.0,40485.0,38955.0,39400.0,5075903
2026-07-31,43650.0,43650.0,43995.0,42500.0,43115.0,4663828
2026-08-03,42685.0,42685.0,43460.0,42635.0,43460.0,1407571
2026-08-04,43300.0,43300.0,43300.0,41935.0,43010.0,1642491
2026-08-05,45715.0,45715.0,45915.0,45110.0,45240.0,1650347
2026-08-06,44205.0,44205.0,44705.0,43720.0,44705.0,2459685
2026-08-07,44760.0,44760.0,45120.0,44540.0,44925.0,3709653
2026-08-10,46110.0,46110.0,46140.0,45265.0,45265.0,1535337
2026-08-11,44575.0,44575.0,44780.0,44235.0,44295.0,1241659
2026-08-12,45020.0,45020.0,45040.0,44520.0,44615.0,1267893
2026-08-13,46085.0,46085.0,46085.0,45630.0,45720.0,1915558
2026-08-14,45835.0,45835.0,46215.0,45665.0,46135.0,1506509
2026-08-18,45630.0,45630.0,46595.0,45450.0,46505.0,1751315
2026-08-19,43090.0,43090.0,44020.0,42980.0,43820.0,2241656
2026-08-20,43145.0,43145.0,43270.0,42575.0,42950.0,3170363
2026-08-21,42860.0,42860.0,42860.0,42515.0,42650.0,1387393
2026-08-24,41225.0,41225.0,42490.0,41200.0,42490.0,2465962
2026-08-25,41880.0,41880.0,41880.0,40660.0,40870.0,2580908
2026-08-26,41700.0,41700.0,41950.0,41325.0,41665.0,1337129
2026-08-27,42560.0,42560.0,42905.0,42215.0,42830.0,1761621
2026-08-28,41925.0,41925.0,42550.0,41920.0,42550.0,1740511
2026-08-31,41145.0,41145.0,41200.0,40600.0,40855.0,1981438
2026-09-01,41240.0,41240.0,41380.0,40940.0,41100.0,1469168
2026-09-02,39845.0,39845.0,40325.0,39800.0,40325.0,1296726
2026-09-03,39965.0,39965.0,40215.0,39690.0,40005.0,1354885
2026-09-04,40330.0,40330.0,40450.0,39965.0,39970.0,1708041
2026-09-07,41210.0,41210.0,41350.0,40795.0,41000.0,979449
2026-09-08,41480.0,41480.0,41930.0,41125.0,41210.0,1668204
2026-09-09,41490.0,41490.0,41760.0,41330.0,41425.0,1324884
2026-09-10,41390.0,41390.0,41690.0,41145.0,41500.0,711547
2026-09-11,40820.0,40820.0,40880.0,40305.0,40600.0,914197
2026-09-14,40220.0,40220.0,40630.0,40120.0,40495.0,1887131
2026-09-15,39470.0,39470.0,39520.0,39075.0,39290.0,2127835
2026-09-16,40130.0,40130.0,40165.0,39630.0,39630.0,2228049
2026-09-17,40750.0,40750.0,40895.0,40575.0,40740.0,1272850
2026-09-18,42165.0,42165.0,42165.0,41505.0,41570.0,1608999
2026-09-21,43450.0,43450.0,43655.0,43025.0,43025.0,1371601
2026-09-22,43670.0,43670.0,44880.0,43552.0,44730.0,2100207
2026-09-23,44795.0,44795.0,44795.0,44300.0,44720.0,1065033
2026-09-28,44000.0,44000.0,44955.0,43945.0,44685.0,1821930
2026-09-29,44010.0,44010.0,44255.0,43555.0,44120.0,1719871
2026-09-30,44310.0,44310.0,44850.0,44310.0,44585.0,1591095
2026-10-01,45880.0,45880.0,45955.0,44560.0,44800.0,1542611
2026-10-02,45260.0,45260.0,45905.0,45260.0,45515.0,1557590
2026-10-06,46245.0,46245.0,46360.0,46010.0,46045.0,1114083
2026-10-07,46015.0,46015.0,46230.0,45855.0,46090.0,1209871
2026-10-08,45145.0,45145.0,45720.0,45145.0,45720.0,1376475
